id,time_taken(min)
0x3474 ,29.911463
0x9420 ,29.336353
0x72ee ,26.45956
0xa759 ,21.13425
0xc4af ,19.359629
0x3b9d ,13.048303
0xdd42 ,26.637976
0x872b ,31.93959
0x6001 ,28.704453
0xd845 ,22.380983
0x4946 ,16.624321
0x4598 ,18.35521
0xbd51 ,21.066872
0x73ec ,33.61756
0x5ca7 ,30.944012
0x9fa6 ,36.398594
0x914e ,21.019716
0x36e5 ,25.727787
0xd82e ,21.524591
0x1df3 ,37.44281
0xa65 ,38.313118
0x8b83 ,26.651035
0x5b95 ,25.259163
0xaa43 ,26.341728
0x9995 ,34.805172
0x1018 ,36.67213
0x4af3 ,22.39517
0x87a1 ,19.13222
0xb64c ,14.117568
0x4b7e ,14.840926
0x252d ,22.348145
0x368e ,18.067278
0xe09 ,21.3099
0x39aa ,29.388403
0xb542 ,34.276997
0x7604 ,23.51553
0x597c ,39.810608
0x184f ,15.573343
0x9442 ,25.290483
0x84e ,22.410685
0xa6ba ,31.93959
0xb66b ,21.328085
0x9bb ,22.768103
0x8d9a ,22.377357
0x869f ,36.800583
0xc587 ,44.566154
0x3167 ,21.397442
0x4981 ,27.352697
0x4c83 ,22.132656
0x2493 ,16.116434
0x21a5 ,21.45356
0x5571 ,14.033463
0x45b1 ,38.085037
0xb1f0 ,19.841085
0x75d9 ,28.380676
0x46dd ,27.16477
0x95e5 ,27.99297
0x1c1f ,19.783522
0x45bd ,19.74831
0xb986 ,21.507702
0x1761 ,46.326385
0xb84c ,29.364592
0x69c3 ,35.330914
0xd68c ,37.498505
0xd05f ,45.857895
0xb5f0 ,23.374716
0x69a8 ,27.621199
0xc9c5 ,34.714397
0x478e ,18.57377
0x12dd ,25.923637
0x78e3 ,25.084736
0x1661 ,19.746164
0xcb17 ,17.235622
0xdff4 ,22.416288
0x75c3 ,20.757265
0xceb4 ,18.97287
0x8ae4 ,18.169737
0xdb61 ,23.11874
0x790 ,14.087519
0x8968 ,23.428926
0xa39a ,19.620806
0x8826 ,27.841228
0x4c8c ,20.257542
0x103c ,36.370586
0x98a8 ,13.466624
0xb338 ,29.541517
0x366d ,26.470224
0x7d75 ,16.553045
0x6d30 ,38.5339
0x9ee3 ,25.465055
0x4d82 ,26.05282
0xb757 ,27.826756
0x2e53 ,19.094683
0xd686 ,22.257536
0x828d ,15.085356
0xb9f5 ,21.260017
0x73c4 ,35.75324
0xd427 ,28.485006
0x7030 ,20.875982
0xc500 ,25.47166
0xd0f4 ,15.24762
0x6e8c ,21.231722
0xa1ee ,26.87061
0x4720 ,17.367943
0x5691 ,48.494316
0xb8f1 ,34.4564
0xc790 ,40.003094
0x3234 ,35.354378
0xb2be ,17.62496
0x7f50 ,26.42191
0x6fd1 ,14.227882
0x5a8b ,27.512203
0x714d ,22.062084
0x4bff ,18.076208
0x9925 ,23.23285
0x6fd6 ,23.44485
0x2872 ,21.978762
0x90f7 ,30.390234
0x2a29 ,39.795727
0x7eb3 ,23.278036
0x6d17 ,30.062128
0x7134 ,24.195444
0xa4f0 ,21.816858
0x213f ,21.31616
0x70e8 ,33.53439
0x8556 ,33.5828
0xaae6 ,33.786797
0x9724 ,19.304806
0x6208 ,23.072493
0x5164 ,17.924925
0xa70e ,25.682758
0x6afb ,25.268736
0xc0f1 ,34.006744
0x76e4 ,23.22922
0x3d34 ,15.773176
0x540c ,15.919965
0x83de ,21.325127
0xc950 ,36.231785
0x63ac ,15.5843
0x602b ,38.166985
0x757e ,36.459774
0x31a9 ,28.801641
0xd9b5 ,22.957525
0x4175 ,23.577808
0xd350 ,27.686117
0x3aa6 ,21.678198
0x2473 ,27.06058
0xc94a ,22.85498
0x986d ,26.003855
0x4924 ,22.519722
0x49c7 ,46.60039
0x167f ,34.371483
0xfb9 ,20.143604
0x9c99 ,18.382202
0x28f5 ,38.085037
0xaaf9 ,13.69682
0x84b5 ,22.337196
0x43fb ,38.023712
0xc78c ,29.877165
0x9159 ,19.036898
0x61c2 ,28.60998
0x4fce ,25.985674
0xcb2d ,36.492764
0x7d38 ,33.410545
0x897f ,19.03516
0x77e6 ,31.223751
0xadd8 ,15.024442
0x8ff2 ,16.073048
0x5d7e ,27.30926
0x4722 ,22.994127
0x9cd8 ,18.014872
0x1048 ,23.333658
0x9a3a ,38.129055
0x4685 ,16.885595
0xcb42 ,16.198793
0xb01c ,31.913332
0x2fee ,22.095875
0x2a87 ,16.10265
0x7e10 ,22.69669
0xb402 ,22.200058
0x4ccf ,23.379286
0xab1f ,13.942648
0xd269 ,23.72023
0x9e50 ,35.055683
0x1a5f ,27.173424
0x9b4 ,22.221294
0x2e4d ,38.332848
0x9fd9 ,30.095375
0xd79 ,17.558968
0x709c ,23.081038
0x930e ,28.08661
0x8d4e ,23.92578
0xae5b ,15.545371
0x4f12 ,16.063868
0x298a ,21.818422
0x7f37 ,25.775934
0x3a0a ,20.767242
0xc46b ,18.040203
0xc65e ,22.653158
0x2fa8 ,20.348036
0x413f ,20.47183
0xa1e5 ,35.824154
0x8448 ,34.210403
0x8fe4 ,19.185778
0x162f ,23.472734
0x8cc9 ,24.631256
0x77cb ,21.173038
0x44d2 ,22.095875
0x8750 ,26.403343
0x2fda ,21.641253
0x513b ,21.231722
0x3e5f ,27.193125
0x8abc ,44.51399
0x5c05 ,36.493896
0x5db1 ,22.477201
0x34e0 ,27.227314
0xbe30 ,27.049112
0x69b3 ,33.953964
0xd73e ,14.728565
0x9018 ,26.348557
0x144c ,31.608353
0x8085 ,33.310837
0xc234 ,28.57117
0x1c42 ,21.788233
0xe009 ,14.435081
0xdc62 ,34.195072
0xc5d0 ,40.663357
0x5575 ,17.56953
0x4859 ,21.979511
0xc23b ,18.54726
0x7e0a ,15.137805
0x59d0 ,31.608353
0xe7e ,26.426907
0x4e8b ,41.714893
0x3013 ,18.508118
0x4ff2 ,25.452085
0x4137 ,20.999826
0xd82a ,18.996763
0x5099 ,20.706827
0x59c3 ,22.273462
0x8f41 ,14.233922
0x818e ,28.714537
0xca4a ,21.980762
0xbc1c ,25.775541
0x8636 ,24.188313
0xb0ae ,36.06246
0x7260 ,15.900725
0x5081 ,27.784737
0x4007 ,16.375992
0xa99d ,46.813534
0x9432 ,23.373241
0x8cb7 ,21.878147
0xa6dc ,18.494839
0xd793 ,26.518223
0x32e3 ,35.456074
0xb819 ,23.964685
0xbad3 ,29.144686
0x7e87 ,38.16004
0x2fab ,16.135056
0x73a9 ,22.385977
0x70f9 ,22.263617
0x5644 ,35.769974
0x1054 ,15.608487
0x349f ,25.501308
0xa51 ,33.296352
0x76d3 ,28.50278
0x31d1 ,17.21744
0x9eee ,18.660267
0xdd6b ,23.0602
0x6036 ,33.84761
0xe1b7 ,19.888836
0xc90d ,27.626041
0xe130 ,16.118757
0xbdf1 ,37.62648
0x5ac8 ,22.35341
0x6b26 ,23.89154
0x3e86 ,22.165083
0x15e9 ,20.171938
0xb1e7 ,15.633049
0xda7a ,15.5613165
0x1480 ,28.78045
0x4930 ,21.982805
0x440b ,36.66884
0x9745 ,33.974884
0xb5a7 ,16.174843
0x7d84 ,23.480377
0x434c ,42.714283
0x77a ,27.457512
0x9f29 ,23.085825
0xcaf8 ,36.172993
0x224d ,38.076668
0x25cc ,22.161768
0x31f5 ,25.51628
0x4558 ,22.291319
0xb73c ,19.746164
0x852a ,20.711765
0x7ccb ,21.852299
0x7bfa ,20.755224
0x6fce ,21.631107
0x53fb ,18.729082
0x1abb ,21.300104
0x37ab ,36.433174
0x7562 ,25.750875
0x6fb0 ,21.275408
0x8125 ,38.8761
0x7ffe ,37.489708
0x9777 ,17.327612
0x1de2 ,36.01308
0x7b97 ,22.95402
0x5fec ,16.462616
0x4d52 ,23.17736
0x6a5b ,25.043259
0xbe1f ,18.407728
0x4c2e ,45.30665
0x4926 ,28.541204
0x8f60 ,19.756529
0x8976 ,22.267899
0x69d1 ,38.852684
0x943e ,22.035885
0x6e5e ,39.530685
0x13a7 ,39.27888
0xae96 ,34.195072
0x808c ,35.41019
0x20a8 ,23.444103
0xce17 ,22.484798
0x20de ,33.704025
0x8e76 ,24.551996
0x705b ,26.425205
0x1bdc ,11.939837
0xabdb ,15.3161125
0xc35a ,31.597893
0xc784 ,19.068007
0xbbbe ,20.803162
0x59f5 ,35.852673
0x8df5 ,34.699852
0xdb44 ,35.76532
0x8265 ,34.15911
0x48f8 ,23.27005
0xc1d2 ,22.599154
0x1f28 ,41.783054
0xb9c0 ,26.314447
0x3f33 ,17.424688
0xc767 ,23.212488
0x7d5 ,21.655073
0xe8e ,33.22449
0x87f8 ,17.173773
0x1fef ,17.428036
0x96e0 ,22.029522
0x9778 ,22.49067
0x641b ,34.491287
0x62c0 ,15.965178
0x2806 ,23.516504
0xe110 ,26.348557
0x9c2c ,25.067774
0x3d79 ,20.329187
0x5367 ,37.54543
0x57e8 ,23.305025
0x6e7f ,29.65887
0x76ac ,25.485119
0x99c5 ,30.333342
0x35df ,24.860363
0xaaa0 ,34.02477
0xa754 ,20.917976
0x24b8 ,19.837343
0x3a14 ,24.724182
0x12c4 ,20.444494
0x6eb0 ,14.60235
0x26f3 ,37.86722
0x7947 ,25.196089
0x754a ,22.130383
0x59ab ,17.924925
0xb5e4 ,35.26786
0xd4fb ,27.105906
0xc9b0 ,23.310017
0xa0e1 ,32.144543
0x4c7f ,30.911995
0x175c ,25.316706
0x53a7 ,17.924925
0x8e57 ,46.848602
0x75ca ,22.246367
0x67d9 ,26.27262
0x2ed8 ,26.363947
0x7c90 ,27.600882
0x68cc ,20.394056
0x5fff ,33.61756
0xa19e ,39.130814
0x469f ,13.521244
0x9047 ,26.50878
0x3722 ,27.315506
0xdad8 ,16.081034
0xa64f ,26.652634
0x82b5 ,22.776724
0xaafc ,23.105358
0x51a6 ,34.778713
0x53c2 ,15.748992
0x13e4 ,27.107586
0xc5f4 ,16.884668
0x88f0 ,32.558273
0x3165 ,25.72484
0x2cd2 ,19.76318
0x1fe8 ,21.354828
0xa5b7 ,25.7335
0x5892 ,26.05747
0xc1ad ,17.73575
0x64f1 ,34.760075
0xc322 ,20.8784
0x297c ,25.437962
0x6b0d ,22.095875
0xcd91 ,22.376472
0x7bef ,19.436388
0x255c ,48.8973
0xbbe4 ,23.491808
0x5138 ,20.183594
0xe2e ,19.628313
0x64bc ,23.926563
0x3deb ,22.186876
0x88e7 ,26.88946
0x5e32 ,20.171116
0x8c6 ,34.358547
0x977b ,21.019703
0x28c1 ,21.433222
0x2796 ,22.701393
0xcf69 ,23.866575
0x5940 ,20.566122
0x443d ,22.046545
0x8691 ,19.092693
0xb1dd ,25.789906
0x8458 ,18.461061
0xc5a5 ,24.041317
0x422f ,27.680796
0x2de2 ,20.913792
0xbd88 ,20.722223
0x98c3 ,38.06965
0x7c25 ,33.982044
0x692d ,22.292168
0x239b ,23.462404
0x2f0f ,18.06439
0x9e02 ,26.585423
0xd788 ,16.718458
0x59e0 ,28.625301
0x4a68 ,25.358215
0x4cd0 ,20.22838
0xabc7 ,24.853067
0xc479 ,25.696682
0xb130 ,49.735985
0xc7bb ,27.078821
0x6ce2 ,24.711746
0xba0a ,24.940691
0x7401 ,17.226305
0xd2e0 ,22.775314
0x3af4 ,24.553354
0x4918 ,36.48736
0x7137 ,34.306908
0x8e94 ,18.886377
0xca05 ,30.301182
0x5ba8 ,28.559612
0x2e29 ,37.779297
0x9f1d ,27.10338
0x498b ,22.027412
0x461b ,30.533346
0xcea5 ,33.398712
0x47aa ,29.364592
0x753f ,27.049635
0x996d ,17.15637
0xdd79 ,27.822025
0x56cc ,32.94355
0xabcb ,21.458334
0xa67e ,14.1617775
0x9161 ,26.790083
0xa697 ,23.278036
0x84ac ,45.814877
0x99f ,23.07564
0x7d4a ,37.26123
0x94e8 ,37.638588
0x11d4 ,14.272903
0x4542 ,39.91931
0xb782 ,44.22915
0x146d ,15.598289
0x5e8c ,21.433222
0x812c ,44.22915
0x9a69 ,18.267727
0x6f78 ,34.24774
0x8ce1 ,27.996157
0x9572 ,25.643484
0x953d ,20.155638
0x8d2f ,26.993011
0xd72c ,19.018883
0x1e71 ,34.994762
0x9431 ,21.711666
0x53ef ,24.577997
0x9ec6 ,33.698112
0x38ec ,26.919806
0x5843 ,36.849297
0x838d ,20.848902
0x7bdf ,26.684107
0x4a65 ,21.390375
0xc7ff ,23.107397
0x67ae ,20.682148
0xb135 ,27.551609
0xafe2 ,34.905964
0x9ed7 ,27.568867
0x3168 ,27.026234
0xbb9f ,23.499176
0x3746 ,22.605614
0xc8ed ,39.12687
0x3d1c ,38.00154
0xb0c2 ,46.607765
0x1ed2 ,16.562927
0xb925 ,14.966555
0xa1e3 ,39.235966
0xba23 ,20.240984
0x7e0c ,21.306324
0xce2b ,16.819355
0x2a0f ,34.64656
0x2c43 ,21.509949
0x13de ,15.282148
0x86ff ,21.227612
0x5b4a ,25.532404
0x4f08 ,18.50483
0x2bf2 ,27.77833
0x8419 ,15.529983
0x85d7 ,26.409815
0x6a0a ,19.836922
0x5f21 ,35.164913
0x9ac5 ,33.163647
0x112a ,36.66706
0xe1ad ,16.586927
0xc60c ,22.029085
0xada5 ,21.951681
0x9d0c ,14.120951
0xc9ee ,23.5335
0x98b5 ,23.963408
0x7305 ,28.351116
0x46c5 ,32.224697
0x8f9b ,34.81558
0xcaed ,18.38882
0x8bd2 ,25.693258
0xd8c9 ,17.387499
0x97bb ,29.728601
0x7876 ,27.5527
0x94dc ,19.384592
0x3d58 ,21.34411
0x4370 ,38.393562
0xdbb4 ,17.56953
0xb436 ,23.55854
0x9ace ,19.24996
0x60f9 ,24.92138
0x1a3e ,28.143818
0x6d4c ,24.973627
0x73a8 ,21.11487
0xa5b2 ,24.37127
0xc914 ,23.052578
0x7501 ,26.943325
0x65c9 ,22.466482
0xcfb8 ,16.59848
0x7bf4 ,23.019127
0xcb1c ,22.920124
0x1559 ,24.748507
0x2143 ,25.907751
0x291e ,20.498718
0xd3b0 ,23.361452
0x4631 ,20.270235
0xe17b ,22.026714
0xc2d6 ,24.17999
0xb116 ,20.295774
0x203b ,36.490856
0x33c0 ,34.598698
0xb553 ,22.776608
0x7922 ,34.521587
0xa659 ,38.624714
0x9970 ,22.011782
0xd69e ,32.09546
0x7dfe ,39.361103
0x31cd ,27.779844
0xc516 ,17.098476
0xa115 ,38.055122
0xca2e ,36.06467
0x23de ,20.276693
0xb1e9 ,16.984173
0x8f63 ,20.72057
0xda9a ,36.38761
0x6942 ,23.201733
0x1d43 ,37.063446
0x95cf ,34.019913
0xd2b5 ,21.93629
0x5e2d ,20.369648
0x783b ,27.207878
0x4348 ,21.477108
0xd2a3 ,30.578453
0x6aff ,17.171604
0x7388 ,25.698725
0xc69c ,38.313118
0xde11 ,16.203419
0x92d5 ,33.53439
0x21df ,14.627847
0xd2b1 ,36.512966
0xa20d ,23.356817
0xd4cd ,25.983248
0x5f5d ,21.51318
0xdd46 ,22.16284
0x2a11 ,36.528206
0xc8c0 ,27.77833
0xc6e3 ,28.11557
0x22d3 ,22.133673
0xce27 ,26.830126
0x30ad ,33.72087
0x1173 ,22.994127
0x10a7 ,37.258278
0x6f8d ,31.862076
0x55a8 ,24.738178
0x3c7e ,14.79132
0x343a ,34.273846
0xba17 ,34.525238
0x19d2 ,18.7385
0x34e8 ,23.083107
0xb418 ,45.92549
0x92f8 ,23.5335
0x80ed ,26.129429
0xdced ,22.438234
0x6a02 ,40.005047
0x8708 ,21.711666
0x9ad ,22.15837
0xa1cd ,23.467518
0xc6fd ,34.439003
0xa0f8 ,23.012089
0x3ca2 ,23.482908
0xb922 ,16.582808
0xce66 ,22.677933
0x6847 ,34.10121
0xb6f3 ,22.335014
0x1e1b ,23.44485
0x6921 ,34.538433
0x65a2 ,17.529585
0x572b ,26.029886
0x94c2 ,21.912909
0xdf75 ,13.656908
0x886 ,29.524326
0x8f37 ,32.07066
0x9602 ,22.23242
0x6775 ,17.31449
0x3d9d ,24.727137
0x7e57 ,30.443743
0x1808 ,26.425205
0x3baf ,23.280787
0xa4ac ,22.705332
0x92b0 ,30.437826
0xcac6 ,16.237492
0xd226 ,20.642382
0xde8a ,22.097956
0xc506 ,20.912088
0xb6fe ,17.558968
0xb461 ,13.335718
0x1d59 ,38.2784
0x96e ,31.987347
0x8e3c ,24.19584
0x777b ,26.840261
0x8523 ,39.770542
0x1c21 ,39.880455
0x3693 ,27.833378
0x8ad5 ,22.784067
0xdf8c ,15.6941185
0x7a48 ,38.25441
0x44dd ,18.866125
0x4df5 ,23.482908
0x5efc ,21.24925
0x7a2b ,41.714893
0x9960 ,15.619815
0x152d ,24.996796
0xa484 ,25.039267
0xcee4 ,19.958187
0x667e ,31.608353
0x42d9 ,37.38554
0x34ae ,23.974293
0x547a ,33.81425
0x8f7b ,15.1749735
0xa18 ,36.316643
0xdca5 ,38.055984
0x7ce ,40.387012
0xb28b ,21.927464
0xd3eb ,34.39383
0x383f ,22.798832
0x8fe0 ,48.09049
0x2d14 ,20.155638
0x9fef ,22.339922
0x82f2 ,27.728703
0xb030 ,28.401108
0x75e6 ,32.466263
0xbdc6 ,28.641867
0x5403 ,15.00181
0x125a ,21.558283
0xec1 ,21.73095
0xb937 ,22.970623
0x826c ,23.472734
0x50e0 ,20.042366
0x627b ,21.754086
0x9d64 ,19.926512
0x748c ,24.032173
0x16f6 ,33.73575
0xd337 ,16.324045
0x38f9 ,16.196682
0x45c1 ,26.077621
0x9cfe ,27.56152
0x4079 ,23.389755
0xca35 ,17.8587
0x85db ,23.327776
0xada1 ,32.739536
0xa746 ,28.68531
0x1e62 ,25.959223
0x6ed0 ,24.63585
0x3229 ,22.854424
0x8d5c ,22.54399
0xd463 ,26.023935
0xcaf ,29.455091
0x906f ,14.136727
0xab74 ,21.554857
0xd30f ,21.711666
0xb3df ,12.988582
0x8006 ,44.92741
0xcb67 ,33.974884
0x95c9 ,30.390234
0x362e ,35.259
0xb0e9 ,30.916128
0x7e88 ,33.988983
0x1e3e ,13.538567
0x6557 ,47.066147
0xa89b ,18.0234
0xb6c9 ,23.138664
0xb15d ,29.425356
0x9e8 ,16.388615
0x62f0 ,18.417257
0x7504 ,27.299555
0x5f3d ,23.17736
0xd760 ,27.1709
0x6dcc ,14.036515
0x90ff ,34.622555
0xa8ab ,37.549286
0x93fb ,44.30061
0x7bc7 ,20.314337
0x848f ,36.7155
0x84e7 ,23.32678
0x7d35 ,30.31233
0xd15 ,25.538967
0x6788 ,14.113162
0xba04 ,37.791645
0xd9af ,42.524796
0x42af ,15.633049
0xb10e ,21.173601
0xb8cf ,21.482811
0xcd60 ,19.796383
0x36d8 ,30.062128
0x7231 ,24.210102
0xc719 ,36.45796
0xbaa5 ,36.26898
0xd4a3 ,30.476442
0x7589 ,24.674871
0x7c0f ,40.387012
0x1bc7 ,34.6985
0x31da ,35.66051
0x6d73 ,29.881903
0x2c35 ,23.337006
0x84c1 ,34.371483
0x9d53 ,20.73069
0xb371 ,32.501938
0xb85a ,27.803865
0x5dc5 ,26.348557
0x5106 ,21.884476
0xb517 ,23.176918
0x6c1 ,23.4437
0x80a6 ,31.855484
0x21ef ,22.794323
0xcc71 ,37.083725
0x5813 ,16.03807
0x207e ,25.300192
0x6253 ,22.188858
0x35bd ,36.64946
0xc8d6 ,27.136648
0x9557 ,34.37844
0x7707 ,34.69964
0xbe5f ,27.677826
0xb242 ,22.616
0x958f ,21.320675
0x744b ,23.405514
0x6947 ,22.13614
0x2ef2 ,20.454485
0x1a5b ,23.149662
0x721c ,14.7925415
0x1a37 ,34.74899
0x9a77 ,22.301548
0x7dbd ,29.51894
0x1023 ,17.031431
0x8170 ,29.746534
0x9d85 ,26.111677
0xdd30 ,13.210297
0x69bf ,22.066708
0xd141 ,18.059351
0x6e58 ,43.270847
0xa5a8 ,16.933321
0x2b25 ,22.001373
0xadbd ,21.155245
0xc6e ,20.512875
0xdd14 ,15.478599
0x3427 ,22.169668
0xce40 ,38.67231
0x65af ,19.993767
0x3320 ,25.513802
0x7b48 ,42.197144
0xb8d9 ,36.137383
0x1ed8 ,29.23804
0x3466 ,26.235355
0x14e4 ,35.34267
0x72c6 ,40.115505
0x9adf ,23.055336
0x920f ,24.573229
0x2010 ,19.283703
0x211e ,28.390953
0xd4a7 ,25.101824
0x5363 ,25.07594
0xaf2b ,28.831558
0x5ce7 ,44.987244
0x8a40 ,38.547417
0xa0d5 ,30.911995
0xba39 ,19.106834
0x2a9f ,20.394056
0x8706 ,16.884668
0x1883 ,19.164482
0xd889 ,26.811342
0x8087 ,22.413155
0x25f1 ,38.830402
0x24a7 ,34.38888
0x54ab ,20.44888
0x91d0 ,23.096392
0x2c57 ,22.986013
0x5307 ,23.472734
0x791e ,33.244946
0xdd04 ,35.884865
0x3273 ,26.02997
0x899e ,34.195072
0xb97 ,26.772337
0x3499 ,22.342852
0xa796 ,28.719015
0x86e2 ,28.357317
0x1d4e ,18.907024
0x844a ,23.221859
0xb11d ,22.514322
0xca3e ,22.64634
0xd467 ,15.583335
0x637e ,41.504276
0x2e30 ,27.787296
0x6a7c ,27.803865
0x1819 ,23.305025
0xac95 ,15.001625
0xc1f2 ,23.890562
0x5101 ,21.929548
0xd42c ,27.068733
0x9513 ,40.080708
0x98d2 ,46.037483
0x1484 ,26.818298
0x66bc ,41.93931
0xa70b ,34.371483
0x5829 ,36.59588
0xd232 ,21.909357
0x180d ,23.382874
0x88ea ,24.58026
0xcdcf ,27.272583
0x5bdd ,36.518303
0xb5b2 ,16.330114
0xae9 ,25.866972
0xdf55 ,14.499921
0x7d3 ,36.87286
0xb55 ,28.374388
0xd857 ,14.54589
0x553d ,28.590408
0x7f05 ,27.55231
0x13e3 ,23.06258
0x3998 ,17.665476
0x610f ,17.663164
0x5ed4 ,21.401323
0x9c55 ,14.195032
0x2e68 ,30.204678
0x7bc9 ,24.365917
0x21ee ,21.243002
0x82d6 ,16.815876
0x382a ,36.512966
0xc609 ,20.78846
0x7df0 ,37.48674
0xc14e ,21.956268
0x5e96 ,27.455013
0x1bb7 ,26.409487
0xb5e9 ,36.262756
0xc742 ,16.509914
0x96af ,14.614221
0x7771 ,44.266693
0x85a ,16.64368
0xc5e1 ,19.834492
0xb1cf ,23.04719
0x324b ,17.610521
0x750d ,17.04373
0x543c ,24.161545
0x844e ,21.957909
0x3fa5 ,28.623621
0x312f ,21.888535
0x1fe1 ,22.095875
0x49fc ,28.960337
0x8217 ,23.05094
0x3aa5 ,42.714283
0x9ab6 ,36.47162
0xd0a8 ,23.170757
0xc81f ,21.09574
0x765e ,40.371624
0x4829 ,35.41019
0xa81 ,14.312898
0x94cd ,26.107306
0xd6e9 ,15.633049
0x6509 ,19.101679
0x391a ,23.4283
0x8023 ,20.97559
0xb21e ,23.131681
0x53c0 ,26.465466
0x7233 ,22.06814
0x465c ,23.337006
0xc3d7 ,34.64015
0xac5f ,23.444077
0xd3a2 ,22.292168
0xae41 ,30.161541
0x77b0 ,29.59189
0x7ebb ,33.316235
0x7990 ,37.025925
0x9c03 ,21.462412
0x668a ,21.336117
0x5338 ,35.573326
0x1b89 ,26.021221
0x52de ,25.985674
0xfc5 ,34.6671
0x3472 ,23.2612
0x939f ,36.1385
0xdf9e ,26.49103
0xa3ed ,15.869588
0x3207 ,36.29427
0xae8 ,28.555902
0xcd0c ,26.348557
0x4827 ,34.165417
0x7398 ,24.057621
0x580f ,20.998528
0xd00b ,37.101246
0x6342 ,48.929314
0x332e ,21.916914
0x86a5 ,22.937105
0x9caa ,25.826536
0xc484 ,20.48725
0xce7e ,23.278036
0x9072 ,15.134273
0xb003 ,27.309458
0xb3b3 ,22.06483
0xb159 ,21.457827
0x53db ,23.289303
0x61cd ,22.194529
0x1117 ,17.463842
0xd097 ,31.608353
0x521a ,27.581642
0x7a7c ,44.43864
0x9338 ,20.84037
0x8bb7 ,36.092876
0x69b7 ,23.5279
0xa244 ,14.842925
0x2061 ,36.211334
0x9964 ,20.62348
0x5707 ,24.577997
0x2cc3 ,19.780993
0x1bd8 ,17.159235
0xd00a ,18.895838
0xdacf ,23.371084
0x8a9e ,37.682617
0x60d1 ,27.216032
0xaf09 ,20.13805
0x104d ,23.21543
0x9249 ,27.133694
0x1b7c ,26.136084
0xd12d ,20.91742
0x8b1d ,37.07148
0x1098 ,25.544409
0x86fd ,37.52498
0xe048 ,15.766652
0x837f ,20.217514
0x8ac6 ,17.44066
0xbb95 ,22.108484
0xca39 ,36.57729
0xab5d ,36.42851
0xb7dc ,29.308342
0x3733 ,19.266956
0xc850 ,14.411422
0x69fa ,21.974386
0x556c ,29.115452
0x8aa7 ,20.486385
0x7529 ,31.9242
0x6a2c ,23.318665
0xd2a7 ,19.305578
0xbe15 ,26.234426
0x8736 ,35.492912
0x84d7 ,19.146263
0xc105 ,30.014095
0xc183 ,22.78149
0x98af ,21.308289
0x7dac ,16.628792
0x6613 ,14.924802
0xbba6 ,29.877165
0x6b41 ,26.242949
0xb82d ,17.44066
0xaed2 ,27.041332
0xd43f ,20.290916
0xae2f ,23.081038
0x1235 ,21.358896
0x8791 ,30.220068
0x755b ,21.289907
0x914d ,35.159492
0x62fd ,15.757312
0x9962 ,36.211334
0xc05e ,37.0829
0xafab ,37.076336
0x8e50 ,20.085518
0x9b66 ,19.579638
0x1129 ,41.427956
0x8622 ,25.603046
0x5c48 ,16.063868
0x5fa4 ,27.049112
0xa873 ,31.004074
0xc332 ,35.515045
0x9791 ,27.728703
0x3147 ,21.131386
0x51be ,31.00759
0x94d7 ,27.822025
0x9f2a ,24.63417
0x476a ,23.89154
0x3a3d ,37.763012
0x588e ,24.563375
0x283d ,34.19921
0x8ee4 ,23.980867
0x3d5f ,22.986013
0x720b ,26.793074
0x2417 ,27.259565
0xa905 ,30.978773
0xae01 ,23.85233
0x4bd9 ,13.203226
0x135b ,25.112003
0x741e ,22.163393
0x367e ,19.146263
0x3f95 ,23.509895
0x9453 ,27.08618
0x8996 ,23.269533
0x3e00 ,22.240217
0x830a ,31.020271
0xcea6 ,22.112528
0xd143 ,16.306637
0x566c ,22.086279
0x6f00 ,23.730978
0xb561 ,23.960835
0x3543 ,14.144659
0x4afd ,17.399633
0xaa22 ,25.603046
0xc5a4 ,34.67326
0x676d ,24.20355
0xd64d ,21.994106
0x8bdd ,20.660929
0xa953 ,27.30926
0x1418 ,24.821257
0xc73e ,23.337006
0x13ab ,37.228027
0x3a4f ,32.201485
0xd17f ,22.298674
0xc288 ,19.624111
0x5674 ,38.703365
0x1594 ,34.59564
0xcb0a ,20.84209
0x3b42 ,26.518223
0xc45e ,27.946367
0x86c8 ,35.430557
0x1f86 ,36.47188
0x6150 ,17.924925
0x3bae ,19.870056
0x7f7 ,23.135065
0xdfb ,36.427826
0x9f25 ,36.44185
0xd1fa ,21.87
0x4532 ,39.50144
0x6ff0 ,24.090054
0xcd99 ,23.200191
0x9a68 ,16.436111
0x7c1e ,15.769856
0xb93f ,26.686533
0x2deb ,20.273743
0xa8ea ,27.948576
0xbae9 ,39.357655
0x9c3f ,22.594593
0x2608 ,49.00658
0x960d ,21.997927
0x96d3 ,16.439554
0x7e68 ,22.396374
0x3be9 ,38.0383
0xe220 ,23.997932
0x258d ,36.784504
0x7fbb ,24.057621
0xc8a ,16.435333
0x9ffd ,19.985064
0xd5c2 ,18.107944
0x8864 ,35.41019
0x5a58 ,23.303766
0x9ef0 ,27.835762
0x8491 ,17.709894
0x8f2f ,22.917656
0x46d7 ,22.891571
0x6f47 ,22.20817
0x7f43 ,30.020775
0xce0d ,17.208027
0xe033 ,21.383865
0x79fe ,24.253199
0x4f5f ,28.425146
0xa5ad ,36.358353
0x145c ,39.9007
0xa0e9 ,22.492811
0x1058 ,19.782116
0xde4a ,40.00375
0x25e7 ,34.443043
0x5bde ,17.049559
0xc66d ,36.040775
0x645f ,17.675148
0x5fa0 ,22.286303
0x9f23 ,21.768381
0x5291 ,21.3315
0x927c ,13.090393
0x5695 ,19.130873
0x6042 ,34.38888
0xaed4 ,25.730635
0x6be9 ,49.343853
0x8f12 ,26.411562
0x1ef1 ,19.194021
0xa4f8 ,35.49576
0x1fe2 ,36.51047
0xa92a ,30.748745
0x8f6e ,16.551138
0x3801 ,19.970322
0x1fa4 ,35.82844
0x9601 ,19.066969
0xb32 ,22.594374
0xb69d ,15.739286
0x30c7 ,26.47003
0x1879 ,21.909357
0x5942 ,23.172321
0xbd11 ,29.522646
0x355b ,23.337006
0x3e10 ,22.16171
0xc688 ,19.26668
0xb1cb ,30.348555
0x9c2f ,27.363428
0xa14 ,21.903276
0x76b6 ,30.405624
0xc974 ,34.531544
0x16c5 ,38.28015
0x81e5 ,32.5528
0x5782 ,22.350086
0x1d36 ,23.99648
0xae61 ,16.769976
0x4201 ,21.275408
0x88d3 ,16.68134
0xc27f ,42.258675
0x5f38 ,22.454165
0x5142 ,22.75477
0x5156 ,23.568172
0x3de5 ,50.78171
0x53bc ,37.0116
0x35a5 ,36.5676
0x9ada ,20.394056
0xcb4e ,19.015417
0xc171 ,20.821676
0xdd05 ,28.592232
0x36f2 ,20.04406
0xa842 ,19.270817
0x43b4 ,34.310265
0x2a4d ,33.013893
0x5738 ,27.606222
0x1055 ,35.095882
0xa4e ,21.939388
0xd210 ,19.174036
0x33ae ,34.356094
0x4896 ,14.234402
0x9505 ,22.673492
0x836f ,25.488726
0xa80d ,37.489197
0x632d ,25.591618
0xa299 ,21.383865
0x25ab ,17.924925
0xcc4b ,25.879978
0xbe3f ,18.729883
0x3da8 ,23.599827
0x99d9 ,21.577066
0x4295 ,37.664646
0xb567 ,25.153988
0x4b12 ,24.618298
0xa17 ,45.864525
0x567a ,24.118187
0xb7ea ,35.924812
0x7b3 ,30.627478
0x8e7e ,15.5843
0x3e55 ,37.10326
0x75cc ,15.995884
0x3683 ,19.03424
0xe18 ,22.302435
0x17b9 ,15.60897
0xd784 ,23.491062
0x63c4 ,18.8797
0xd2ee ,29.881903
0x762d ,27.179958
0x9c52 ,34.195072
0x1b3a ,20.393753
0xa698 ,22.798832
0x3a76 ,15.533485
0x841c ,30.062128
0x7cb7 ,32.036358
0xbe0a ,15.053266
0x3c15 ,23.414986
0xde23 ,19.614756
0x8e37 ,21.132122
0x2e5d ,27.173424
0xb7b4 ,22.739033
0x3a17 ,37.48674
0xb7ca ,21.231722
0x22b1 ,24.245298
0x41ae ,21.783422
0xafad ,22.385977
0x1323 ,22.911127
0x39ff ,33.782722
0xc59e ,24.577997
0x9cca ,36.275814
0xb66c ,18.169737
0x26cb ,32.933937
0x3e18 ,20.003525
0xa423 ,21.541933
0x72b0 ,29.85676
0x5165 ,24.254004
0xc0e3 ,20.590973
0xf8e ,23.102663
0x8f85 ,22.99554
0x5ffd ,22.572598
0xd12e ,22.11426
0x88f2 ,22.068884
0x90a9 ,22.02385
0x12e8 ,34.37559
0x95fe ,20.79365
0x42b0 ,23.135065
0xa85b ,22.128462
0x52cf ,24.73247
0xb68f ,28.592232
0xd587 ,29.977774
0x6af5 ,34.56453
0xb30e ,19.77857
0x772 ,22.06061
0x9fbd ,34.561176
0xd17c ,18.75962
0xbdb1 ,23.477964
0x61a2 ,22.403362
0x3e0b ,15.633049
0x3c27 ,25.083443
0xbc75 ,22.666712
0xbfdd ,34.39383
0xac6e ,24.534
0x3bcf ,30.027811
0x2ff0 ,30.220068
0x3f92 ,23.577808
0xa752 ,27.018661
0xc9be ,16.884668
0x4311 ,38.08916
0x2d89 ,38.65692
0x2284 ,40.675804
0x9f89 ,34.39383
0xbcc8 ,22.244299
0xa090 ,20.676266
0x9e23 ,42.00834
0xb35c ,25.505371
0x4990 ,23.603643
0x6975 ,21.90564
0xa2a4 ,22.394789
0x5c5e ,19.30227
0x7203 ,19.146263
0xd5c9 ,19.205267
0x2056 ,20.840487
0x34e6 ,38.980526
0x6e32 ,39.50144
0xd6d1 ,39.795727
0xcb85 ,24.252739
0x9987 ,19.238985
0xbb6b ,22.625248
0x6d38 ,42.482407
0x6b33 ,20.182913
0x3e5e ,30.204226
0x5ad0 ,27.24194
0x9c74 ,38.10303
0xa9a9 ,38.313118
0xcf25 ,20.433819
0x68b0 ,19.068007
0xc2db ,30.453217
0xb145 ,30.437826
0xe00e ,17.167484
0x3d42 ,23.052578
0x862e ,24.584175
0xb8d7 ,22.986013
0x26b5 ,23.012081
0xb831 ,14.984797
0x87f2 ,25.88277
0xd39f ,25.396557
0x4bc6 ,34.10047
0x9515 ,38.039734
0x3215 ,25.78754
0x8a3f ,14.093958
0x430e ,26.058607
0x52e1 ,23.365437
0x4353 ,22.034082
0x8e1d ,14.82745
0x7eb2 ,24.73247
0x2511 ,15.394279
0xcbfb ,32.62794
0x52ee ,36.063736
0x5cdc ,20.360477
0x8995 ,15.710458
0x8558 ,17.924925
0x745a ,27.274263
0xc603 ,35.43076
0x385a ,21.615479
0x755d ,36.075203
0x5536 ,18.333902
0xd05b ,25.233864
0x6c0a ,34.285995
0x300c ,21.26953
0xb3e9 ,22.727915
0x3659 ,21.957565
0x6ca0 ,24.20616
0x7ab3 ,23.131071
0x5658 ,24.415947
0xb537 ,23.200191
0xc00 ,30.884256
0xa785 ,36.49923
0x4c78 ,23.162054
0xd374 ,21.73246
0x38aa ,24.339964
0x211f ,34.241974
0x88bc ,29.862133
0x3407 ,19.958187
0xca6d ,25.924055
0xa289 ,18.734324
0x3aa1 ,34.318386
0x6432 ,27.19485
0x6287 ,30.060305
0x601b ,23.077005
0x6426 ,21.71135
0xdf13 ,25.696682
0x4401 ,39.424408
0x9bae ,19.37272
0xbd8e ,28.740108
0xe061 ,25.538967
0x35a0 ,24.065775
0x42e3 ,23.936077
0x9208 ,29.78559
0x368f ,22.466257
0x5fdc ,13.11743
0xd16c ,19.164968
0x27bc ,26.43296
0x848c ,37.32875
0xb1db ,22.211954
0x93d6 ,33.281635
0xc4de ,33.24418
0x5c1f ,33.602192
0x888e ,25.44101
0xb8e1 ,38.325424
0xbd34 ,17.813457
0x927f ,22.023226
0xbaa0 ,25.26631
0x4921 ,28.6978
0x442b ,25.485874
0x12e2 ,32.268112
0xcc3a ,32.48686
0xb28 ,29.305813
0x6134 ,31.9242
0x29b7 ,15.756065
0x8c6f ,21.96878
0x9aed ,38.202873
0xcf73 ,23.537346
0x949e ,34.908066
0xeb1 ,27.302187
0xa054 ,23.690886
0x8cd ,20.592257
0x66f4 ,36.049496
0x2a59 ,38.94756
0x5685 ,23.289825
0x6aa8 ,33.547886
0x9be9 ,21.921547
0xa61c ,27.669212
0x1f80 ,14.776313
0x68ea ,27.363674
0x7c55 ,37.774586
0x698a ,34.514484
0x8e1e ,26.077621
0x6a8c ,14.793406
0x224c ,33.216404
0x21db ,23.218782
0x2fe9 ,23.448233
0x4c81 ,24.36847
0x41e0 ,38.722847
0x55ec ,29.47109
0x4d6d ,34.9124
0x8744 ,36.272118
0x4775 ,22.223757
0x2c19 ,18.116167
0x8773 ,27.173424
0x5d45 ,27.80803
0x7ae1 ,24.058058
0x13bd ,21.523092
0x7050 ,41.83429
0x4ef2 ,22.652996
0x96e7 ,19.616232
0xdf6 ,36.754654
0xb7ba ,16.64057
0x2ab3 ,42.390514
0xb1a ,28.68466
0x2501 ,23.153578
0x21cc ,29.37284
0x191c ,28.719015
0x7a67 ,17.368334
0x55bd ,35.074184
0xf7d ,35.981644
0xa216 ,26.201616
0xd4d8 ,22.399834
0xdef3 ,27.059488
0xee6 ,27.479164
0x703c ,25.990757
0xde95 ,38.8761
0x9409 ,19.512487
0x2dcb ,17.131966
0x7749 ,28.6741
0xd709 ,22.937105
0x515c ,14.063933
0x808a ,20.109941
0xbd94 ,34.917698
0x64ea ,22.25298
0x65a7 ,36.586857
0xb120 ,22.357782
0xd7a7 ,24.38689
0xddda ,21.417929
0x4ce3 ,31.534307
0xc4d0 ,28.436817
0xb720 ,40.664658
0x9f20 ,26.363947
0xd09a ,28.440226
0xdfa0 ,18.014872
0x7da1 ,17.244375
0x6ea9 ,41.785484
0x3e61 ,21.238531
0x12b4 ,50.793007
0x79c0 ,21.332857
0x423b ,23.083124
0x8369 ,14.569734
0xd1d7 ,23.565046
0x9c13 ,26.533613
0x4703 ,24.687502
0x37e8 ,22.36725
0x7b67 ,27.854996
0xd568 ,24.674871
0x2a21 ,27.80803
0x2190 ,23.17736
0x9b6 ,21.512583
0x1c78 ,17.630829
0x85ca ,17.244375
0x4fcc ,27.192488
0xb885 ,16.673512
0x48d9 ,28.952604
0x9c14 ,24.220736
0x17c9 ,29.544357
0x1804 ,21.996006
0x16e3 ,21.584833
0x33c9 ,36.68057
0x8af1 ,35.304085
0x105d ,27.339664
0x233d ,24.149254
0x1b18 ,16.68532
0x56c2 ,25.443125
0x4b8b ,22.79181
0x95c3 ,15.2575865
0x96a ,21.13944
0x8014 ,17.542145
0xdbb ,36.399075
0x8fe5 ,35.236565
0x9092 ,21.181961
0xf0b ,31.677387
0x8382 ,22.430017
0x2276 ,13.800301
0x4983 ,15.493572
0x8a16 ,21.914223
0x2ab9 ,33.791832
0x84c5 ,20.993227
0x6348 ,24.413662
0x9f97 ,13.419935
0x6494 ,32.84576
0xa06 ,22.12856
0xaab1 ,20.77285
0x31bc ,23.405514
0xa4ef ,38.909065
0xc557 ,37.392986
0xaf15 ,19.01694
0xa0f6 ,26.358828
0xa2d1 ,23.337006
0x3bbf ,20.041853
0x70f7 ,20.109941
0x1f00 ,19.490643
0xc045 ,43.516342
0x2227 ,36.338745
0x59d9 ,21.123505
0x4568 ,21.76865
0xafe6 ,25.282194
0x85d4 ,29.009909
0x48b1 ,39.296093
0x4415 ,29.788486
0x65db ,19.68523
0xd160 ,27.413216
0x7cf5 ,21.753622
0x29d8 ,41.17807
0x17aa ,17.123964
0x98ef ,40.256813
0x3365 ,20.700674
0x54bc ,14.979079
0x2e2d ,38.085037
0x36fd ,41.83429
0x4e63 ,29.911463
0xb2bc ,17.42527
0x99c8 ,23.054802
0xce42 ,17.871355
0xac1e ,17.031431
0x5e05 ,35.038593
0x786e ,30.204678
0x383e ,26.149128
0xb34e ,22.467827
0x9096 ,27.179958
0x4394 ,18.82277
0xaedb ,47.400974
0x6029 ,38.085037
0xc66b ,38.59524
0x7fe7 ,14.818738
0xa7f7 ,23.152798
0x48a0 ,23.714949
0xdf05 ,31.645515
0x60a7 ,35.573326
0x1c9a ,25.632393
0x896c ,23.32678
0x5c12 ,27.55514
0x96b6 ,20.38623
0xa409 ,24.711746
0xa02b ,25.819412
0x4d83 ,22.748802
0xcd20 ,19.949463
0x837b ,29.24198
0x4286 ,33.18626
0xb439 ,30.399511
0x21ff ,25.805035
0xdcec ,23.289825
0x8ea0 ,26.480848
0x145f ,20.042366
0x623d ,37.47579
0xd8ea ,21.962135
0x3c33 ,24.06415
0x7d23 ,31.9242
0x416e ,24.998718
0x916d ,29.68752
0x31a6 ,31.019464
0x9c34 ,15.0908575
0xa44a ,29.948225
0x8559 ,30.764135
0x5740 ,12.532086
0x1e25 ,19.501303
0x65ff ,21.401226
0x28cf ,33.003986
0xcfb4 ,21.283703
0xa980 ,25.974234
0x3b86 ,25.707144
0x4555 ,28.628105
0x4da3 ,27.637611
0x9ab5 ,17.787306
0x68f2 ,23.096392
0x40e2 ,21.308289
0x7eeb ,38.06177
0x14a9 ,21.62212
0x299e ,37.18298
0x76ec ,23.28029
0x8aa3 ,33.560844
0x8f86 ,23.09996
0x30fd ,24.727137
0x7aa6 ,27.315506
0xc4e9 ,20.566122
0xc32e ,28.174818
0x6aaf ,38.720592
0x1ba3 ,24.781767
0x8151 ,24.51
0x243f ,18.417257
0x2372 ,25.973097
0xdcf6 ,23.428926
0x3dbc ,21.485804
0x3eb8 ,15.751694
0x480e ,34.123905
0xe22c ,25.154558
0x53cd ,21.445374
0x583e ,23.302347
0xc1b1 ,33.25069
0x58b6 ,22.410685
0xc8e1 ,27.30926
0x4d22 ,17.847044
0xd7fd ,20.642506
0x8f5f ,32.4195
0xadb9 ,25.07494
0x5f17 ,16.64368
0x5f9f ,36.57994
0x1c24 ,23.575243
0x3fa3 ,35.859688
0xa6a1 ,23.875217
0x3814 ,12.127829
0x3e64 ,15.875395
0xd5e4 ,21.670553
0x9bc4 ,37.83311
0x8f03 ,19.76318
0x5839 ,28.677498
0x63e0 ,21.23865
0x3687 ,15.648346
0xa7f6 ,30.927385
0x9314 ,19.146263
0xa520 ,26.00439
0x8470 ,15.529877
0x85c6 ,23.43719
0xcec9 ,36.67031
0xa128 ,29.833258
0x1ab3 ,22.011782
0xab0d ,38.20752
0xd7ff ,25.23177
0x3858 ,34.793194
0x24d4 ,50.489403
0x1958 ,28.641504
0x699c ,19.503077
0x71cb ,48.163937
0x5984 ,23.052578
0x52e4 ,14.97447
0x7b19 ,22.032614
0x1a38 ,19.823273
0x7d60 ,20.238977
0x6bd7 ,36.258263
0x2228 ,21.507702
0xccb1 ,14.206483
0x738c ,51.084507
0xaf1d ,40.019543
0x5a48 ,24.98856
0x5da0 ,13.585899
0x4740 ,18.064768
0xdcc9 ,22.938951
0x85e1 ,21.599394
0x8f27 ,26.915607
0x5007 ,21.970964
0xaac4 ,29.37554
0x7c5f ,20.19085
0x286f ,22.818542
0xa353 ,20.257542
0x4df3 ,28.60998
0x1312 ,48.302975
0xaac9 ,19.305578
0x2efc ,21.947361
0x2897 ,23.99648
0xd298 ,37.03571
0xd821 ,35.01356
0x5dc6 ,18.06439
0x6646 ,25.19422
0x14e3 ,21.264908
0x7c56 ,22.7934
0xddeb ,16.608912
0x911c ,22.352652
0x1b09 ,24.153296
0x44d1 ,16.271706
0xad41 ,25.730635
0xd5cc ,17.021368
0xafee ,26.958715
0xd03 ,21.37202
0x6831 ,15.729287
0x924e ,40.93549
0xb25c ,14.124154
0x870b ,15.793745
0x1ff4 ,26.450615
0xd8db ,37.426487
0x8063 ,23.248312
0x5d6a ,38.83357
0x1a49 ,22.00227
0x2d9b ,21.794678
0x6b47 ,22.342392
0x59cb ,35.4656
0xe05c ,38.01079
0xc198 ,22.854923
0x22e4 ,29.115402
0xce9e ,36.28215
0x803d ,19.543407
0x16f5 ,22.580902
0xcca4 ,29.961977
0xa8e5 ,23.02943
0x6ed7 ,26.348557
0x15c0 ,33.61756
0x55ad ,27.041143
0x1548 ,21.912127
0xaa80 ,44.501892
0x3954 ,18.35521
0x483b ,16.056295
0xc1d ,30.816963
0x5cb6 ,22.48088
0x9199 ,15.7620535
0x5669 ,23.21543
0x2a8c ,23.406548
0x895d ,26.348557
0x9f6a ,19.812029
0x2cc4 ,34.34316
0x8e64 ,29.759842
0x4c90 ,22.611189
0x271a ,41.707035
0x8d06 ,19.746164
0x1eec ,22.912437
0xd233 ,26.025768
0xc78e ,41.18694
0x6c90 ,21.581507
0xa121 ,21.338875
0x6d41 ,14.055839
0x475f ,15.633049
0x1408 ,36.413982
0x94d4 ,16.09558
0x1d5b ,16.293669
0x6ead ,22.13614
0x77f6 ,21.173038
0x534a ,37.426487
0x5638 ,14.232582
0xb2a1 ,22.744413
0xb526 ,37.943172
0x6288 ,28.358683
0xa5d4 ,21.86085
0x7f86 ,37.563877
0x79e5 ,17.511635
0xcff7 ,48.56217
0x7ee ,16.68134
0x39c9 ,14.740387
0x206a ,37.229156
0x7ccc ,25.999603
0x1c64 ,28.440226
0x3c62 ,35.57967
0xc570 ,21.420618
0xcfe7 ,31.679813
0xbb77 ,23.162054
0x4b0f ,19.03516
0xb9a4 ,31.9242
0x7b3b ,46.766148
0x5284 ,29.909037
0xd717 ,24.577997
0x52ce ,18.116167
0x86c1 ,22.186636
0x40c4 ,17.147604
0x916 ,23.523869
0xe06f ,27.805756
0xb6e3 ,21.237637
0x5a56 ,29.409838
0xb044 ,23.289303
0xb276 ,38.085037
0x404b ,29.87919
0x2251 ,23.467518
0x1e2c ,32.88342
0x6550 ,21.155804
0xd208 ,21.367367
0xb827 ,15.416912
0x683f ,19.235046
0xcced ,29.79414
0x73c5 ,40.466854
0xb80a ,18.951881
0xc1bd ,15.563702
0xab87 ,27.604412
0x6846 ,17.216038
0x66cb ,34.209194
0x22ac ,29.733643
0x1d05 ,14.851787
0x1508 ,23.310017
0x409d ,18.135773
0x18e2 ,26.36368
0xd4e5 ,20.35414
0x8e6a ,30.911995
0x7d67 ,37.66697
0x55ae ,24.053905
0x92b5 ,21.820442
0x4681 ,27.430227
0x3f3d ,20.312725
0x4fa7 ,36.26898
0xe255 ,30.297792
0x6cd4 ,22.955051
0xcc7f ,27.93996
0x1df2 ,14.019135
0xb552 ,23.603643
0x9b23 ,27.105906
0x249a ,20.242151
0x1854 ,17.924925
0x8f11 ,16.13531
0x66d8 ,23.6785
0x833d ,34.749947
0xc6af ,21.01747
0xc8a3 ,22.395731
0x6d70 ,34.183014
0xbe44 ,20.757313
0xdeb3 ,16.237492
0x481d ,29.205986
0x6514 ,29.702007
0x1e0c ,23.382874
0x8d2e ,36.852512
0x5ca0 ,20.07518
0x6614 ,19.478031
0x8ecf ,22.349995
0x8331 ,15.120381
0x4c87 ,22.360037
0x4a37 ,34.76978
0x49e7 ,41.300377
0x5513 ,30.589106
0xbe29 ,21.930096
0x78c0 ,29.871485
0x3890 ,15.460648
0x1490 ,21.216118
0x5c5a ,22.446007
0xa48b ,22.619495
0x3fa9 ,21.186853
0xb2f2 ,36.54771
0x7b71 ,22.357277
0x2628 ,39.770542
0xb650 ,28.832605
0x92b7 ,17.90676
0x4010 ,19.305433
0xcf66 ,31.9242
0x9a5c ,29.367735
0xbae5 ,30.176931
0x6d4a ,36.65917
0x67c0 ,25.077938
0x13c4 ,39.45668
0x457e ,18.940342
0xc984 ,37.54988
0x1c07 ,36.398594
0x4a7b ,34.236645
0x2131 ,22.737196
0xca25 ,22.363224
0xa051 ,25.505371
0x8804 ,23.04719
0x7af9 ,28.559612
0x7964 ,39.274727
0x5b15 ,32.376877
0x15cb ,19.048592
0x7f5e ,24.161545
0xda5 ,19.733053
0xb756 ,37.58946
0x6e6d ,27.342936
0xcd5e ,15.109415
0xdc93 ,26.47003
0x9a0f ,38.313118
0x96d4 ,48.870056
0x8473 ,33.308964
0xd666 ,26.186419
0x3f11 ,21.879805
0x7581 ,21.870358
0x2930 ,19.630789
0xa1ba ,35.481182
0x8fcb ,26.705994
0xc8c8 ,33.484093
0xd117 ,21.153755
0xa0fb ,40.314404
0xc330 ,27.80803
0x52b9 ,24.508291
0x16fc ,22.029085
0xd6e4 ,27.638714
0x6f2d ,27.821163
0xb5e7 ,19.31575
0x234b ,14.155374
0xac86 ,17.909534
0xafe8 ,22.342361
0x446d ,23.312977
0xd1b3 ,23.027014
0xc589 ,37.87131
0x1995 ,16.884668
0x16da ,27.298698
0x6fa0 ,15.509397
0x50d0 ,22.122173
0xafaa ,19.312828
0xaa15 ,24.682108
0x97de ,19.30783
0x945b ,19.436388
0x9456 ,19.55352
0x2b69 ,46.6348
0x4900 ,39.130814
0x399c ,26.576859
0x7ca8 ,34.42204
0x9506 ,36.42218
0x3f4c ,23.251125
0xaeb4 ,46.66568
0x3ac9 ,22.937105
0xaef4 ,23.6785
0x3528 ,15.633049
0x203a ,15.166566
0xa95a ,27.309458
0xa390 ,20.189129
0x173c ,27.945448
0x7364 ,34.954132
0x281a ,51.51548
0xe08 ,29.484179
0xb58f ,24.727137
0x8c3c ,30.978773
0xdb08 ,25.695873
0x9289 ,27.444336
0x7a53 ,20.276693
0xc494 ,36.532574
0xdafc ,44.4345
0xc94b ,31.93959
0x16fb ,17.924925
0x5595 ,22.721392
0x93c8 ,21.398949
0xa560 ,16.10265
0x98a9 ,38.519302
0x72ed ,22.72924
0x2b5a ,34.4564
0x9b6d ,21.509949
0x1423 ,22.21772
0xd174 ,28.7072
0x4416 ,25.49657
0x6d9a ,20.694353
0xb292 ,16.89856
0xb8fd ,19.918055
0x4904 ,33.661697
0x5a75 ,44.164864
0xb6d3 ,16.593008
0x41d6 ,26.401894
0x1f33 ,14.156433
0x7e92 ,24.874634
0x3c75 ,31.347967
0x3c18 ,26.02184
0x2b04 ,34.097134
0x5e88 ,20.061844
0x4a66 ,26.287693
0x9e07 ,16.88463
0x58a8 ,16.12883
0x5bda ,36.569397
0x4837 ,23.131681
0x23e9 ,26.43877
0x1758 ,24.929695
0x337b ,22.084648
0x6674 ,39.64417
0x1582 ,28.939201
0x7ea8 ,17.367943
0xa42f ,16.234694
0x8cc3 ,24.37585
0x43ef ,23.256523
0x6335 ,23.223217
0x5f9b ,16.68134
0xc3f2 ,31.004074
0x68cf ,23.801798
0x55db ,37.487457
0x4e30 ,38.6677
0x6ef4 ,19.764397
0x76a ,33.710796
0x9da3 ,31.574055
0x4c2a ,26.07855
0x6ba4 ,31.608353
0x8cec ,29.670675
0x8c68 ,30.28494
0xdabe ,14.833525
0xdc45 ,30.88673
0x26a5 ,36.59588
0x5409 ,34.69769
0xa293 ,19.961119
0xb14c ,21.930367
0x63a4 ,31.704166
0xc9ff ,24.727137
0xa38b ,23.14003
0x5760 ,16.80295
0x612b ,19.864323
0x5034 ,23.154375
0xd499 ,19.146263
0x912a ,36.03737
0x9bff ,15.091056
0xc265 ,23.919132
0x1eed ,23.499176
0x4168 ,28.20897
0x7893 ,20.393627
0x9cf1 ,26.609644
0xd357 ,22.12973
0x262d ,24.682108
0x57c5 ,24.18757
0x5a32 ,13.4536915
0x3e96 ,30.035069
0xc473 ,23.392523
0xb6a3 ,23.06258
0x1792 ,43.411415
0x933e ,37.607906
0x2dbc ,36.645927
0xf35 ,21.666592
0x8da5 ,16.010859
0x8168 ,16.186882
0xc61c ,16.551138
0x1a1f ,35.04347
0x9849 ,22.923214
0xce3f ,33.72087
0x5a31 ,23.0571
0x48e7 ,36.63426
0x6e82 ,36.0129
0x5c55 ,27.1819
0xa7fe ,44.16091
0xd14e ,31.178885
0x17ed ,27.613312
0x6618 ,35.560177
0x5d76 ,23.38703
0xa9f5 ,24.650702
0x862b ,21.087814
0xc774 ,18.441517
0xc50 ,20.109941
0x5421 ,14.793406
0x501f ,19.606085
0x32e0 ,15.986975
0x1b36 ,20.396097
0xe173 ,27.001678
0xdc50 ,18.507772
0x6d82 ,21.464014
0x7c62 ,27.574053
0x227d ,37.01831
0xd0e8 ,18.046099
0x411a ,33.96443
0xb058 ,22.01318
0x28d2 ,16.999563
0x456d ,20.12019
0x4094 ,20.682943
0xd88b ,44.79048
0x4e7a ,27.520218
0x39e2 ,25.708601
0x6b8d ,15.589768
0x121e ,18.314001
0xbeb5 ,28.214445
0x3cc0 ,26.118355
0x477a ,22.95402
0x84af ,38.909065
0x55e3 ,16.28531
0x2350 ,39.883297
0xb021 ,39.111126
0x819b ,19.0063
0xcbcd ,25.512371
0x6584 ,20.444494
0x29c6 ,24.112654
0xda2e ,21.523092
0x71aa ,19.874218
0xbbe6 ,16.358137
0x7868 ,38.749077
0x29f2 ,27.440533
0xcbac ,33.744865
0xdc6a ,21.980875
0x91ad ,24.02112
0x85e7 ,26.993011
0xb4d9 ,22.038694
0x767a ,26.550617
0x7ebe ,19.122572
0xb7aa ,21.881702
0x6c6f ,32.00975
0x11ac ,46.831158
0x540e ,24.230911
0xb451 ,23.474634
0xa6d0 ,34.014008
0x9ab1 ,21.90839
0x5743 ,33.46827
0x6b2c ,26.348557
0xa80e ,34.358547
0x7d6d ,28.917194
0x2d78 ,28.697124
0x9f44 ,23.5279
0x932c ,11.974598
0xbe55 ,24.727137
0x50b4 ,21.956236
0x5aff ,46.933655
0x781b ,17.348217
0x67c2 ,25.053438
0xd59b ,22.107391
0x9c59 ,22.396412
0x3b1b ,35.61101
0x58e7 ,24.978598
0x5ee4 ,15.551896
0x8c81 ,38.53319
0x64fa ,34.326477
0xb4fd ,26.208578
0x5005 ,18.682865
0x7512 ,35.08322
0x77f0 ,33.974884
0x7e33 ,22.677649
0x50e2 ,36.4506
0xc3e6 ,23.627913
0x8304 ,24.913225
0xde67 ,31.909216
0xd87f ,14.885042
0xb6e8 ,32.55167
0x1e16 ,17.618517
0x5b79 ,21.38397
0x1f15 ,20.36249
0xdbd3 ,26.11192
0xdc03 ,23.013988
0x3983 ,26.373194
0x12ac ,23.081038
0xd9f4 ,29.33109
0xdded ,23.143793
0x6c1c ,22.051434
0x187a ,26.314447
0xa742 ,22.515589
0x219a ,19.32962
0xc0bd ,18.948235
0x5f95 ,18.077887
0x86df ,20.232904
0x8cc0 ,14.079841
0xe144 ,19.45619
0x97b1 ,26.238268
0x4b10 ,39.770542
0xc221 ,26.882904
0xb49d ,14.953883
0x6893 ,33.49873
0x3e63 ,17.031431
0x5915 ,25.5229
0xbca5 ,22.165083
0x3480 ,30.405624
0xe032 ,28.719015
0xb528 ,27.056957
0xb559 ,24.532187
0x89a5 ,21.894878
0xbbee ,22.246458
0x94a5 ,38.909065
0x85a5 ,39.16285
0x73ab ,28.09267
0xa362 ,16.64368
0x200d ,27.137653
0x39a0 ,26.91615
0x6e22 ,22.994127
0x38dc ,26.348557
0xc2e9 ,16.900255
0xc0b6 ,24.058058
0x79b1 ,27.067825
0x379f ,27.18152
0xb2c3 ,36.09346
0x6c45 ,44.63088
0xbec2 ,24.73529
0x3975 ,26.02184
0x4467 ,27.894161
0x5cf3 ,23.801798
0x6c36 ,15.013531
0xa5e8 ,22.689718
0x2fb4 ,39.185772
0x59c5 ,15.073652
0xd088 ,20.834494
0x8f91 ,38.795944
0xc0d3 ,30.012045
0xa929 ,19.260166
0x4e1b ,19.612644
0x5225 ,46.965927
0x3c2b ,28.590408
0x880f ,15.655547
0x5c9b ,23.052578
0xbb4f ,28.719015
0x4284 ,23.211409
0x4089 ,14.811372
0x1c39 ,19.359629
0xa2ce ,22.405605
0xec4 ,17.924925
0x9980 ,16.020071
0xbdfd ,25.590965
0xc8d7 ,28.719015
0x80d5 ,17.834393
0xb096 ,24.801504
0x5377 ,17.298615
0xec2 ,22.99554
0xad00 ,21.850782
0x7663 ,22.292168
0x180f ,31.952564
0x5f06 ,27.213676
0x83b1 ,28.096989
0x6fc8 ,27.06058
0x2f05 ,36.353115
0xa770 ,16.431192
0x1a4c ,28.468925
0x27a2 ,22.72924
0x9427 ,18.957142
0x3149 ,40.383003
0x656b ,25.588768
0xc1a ,36.7149
0x3c6b ,19.04753
0x5fab ,30.884256
0xc8d4 ,21.426098
0xcaaa ,15.82649
0xc1b2 ,21.306625
0x2cb1 ,40.82642
0xd9c5 ,34.539036
0xd21b ,34.17251
0x87c7 ,46.609493
0xb16b ,27.300507
0xb98b ,28.52774
0x95b8 ,24.078184
0xa5f ,15.7542095
0x4009 ,24.918015
0x9256 ,37.25398
0x8bef ,23.954681
0x64d6 ,35.15017
0x134c ,16.698547
0x12c3 ,22.026098
0x66e1 ,18.468845
0x4e14 ,27.043627
0xa6e5 ,35.354378
0x5777 ,24.553354
0x4155 ,36.889282
0xb25f ,26.363167
0xc172 ,16.070242
0x8bad ,22.405605
0x6df5 ,37.40088
0x4b72 ,26.173948
0xb6a7 ,40.20022
0x30e9 ,19.876554
0x7872 ,40.332253
0x81c0 ,21.196957
0x4d02 ,23.131153
0x42b7 ,25.96654
0x4ef3 ,34.46013
0xadc8 ,45.381786
0x9503 ,12.0040865
0x171e ,38.202873
0x36c8 ,25.459229
0xba64 ,22.954744
0x8c12 ,20.151722
0xba56 ,16.68134
0xa3da ,38.132526
0xa49c ,21.984522
0x129f ,23.577808
0x5e89 ,15.525641
0x5387 ,37.911526
0xdd2d ,36.780773
0x631c ,15.633049
0x1259 ,37.426212
0x1866 ,33.03529
0x6f18 ,22.994127
0xd624 ,29.518154
0x9d19 ,41.121975
0x6a80 ,23.318558
0xf1b ,18.927711
0x183d ,46.30461
0x906a ,41.90709
0xe238 ,21.664295
0x2beb ,47.754368
0xb228 ,26.856058
0x588f ,28.291235
0x64c7 ,36.443897
0xbb0b ,20.13869
0xd1bb ,39.361103
0xadd1 ,27.120237
0xaffd ,27.652552
0xa5b9 ,21.976637
0x1d39 ,22.06128
0xc8c1 ,22.434906
0x12b5 ,18.348873
0x3a3f ,27.357407
0x1cf7 ,17.298615
0x9fb1 ,32.875298
0x2ce8 ,38.055984
0x2d54 ,20.879827
0x3ae4 ,22.325994
0x5ae3 ,26.450615
0x624b ,18.66024
0x31d4 ,25.328289
0xe237 ,36.854057
0xa869 ,27.126156
0x9d6c ,17.311045
0x4228 ,37.79627
0xb8a3 ,22.24122
0x9955 ,25.039267
0x71ee ,40.680046
0x6068 ,42.862576
0x7674 ,17.924925
0x9fd ,29.239882
0x9ff4 ,23.44107
0x54e0 ,15.924657
0x4c16 ,42.350567
0xcc94 ,26.25612
0xb1d0 ,14.6955185
0xc425 ,23.460241
0x8785 ,18.38882
0x3c71 ,25.568668
0x35a8 ,15.793745
0x7d29 ,29.83108
0xb524 ,36.009354
0x9485 ,14.755505
0xa51e ,22.986013
0x53b3 ,30.222261
0x96a1 ,24.122952
0x5275 ,23.418848
0x7a37 ,27.763
0xb056 ,17.924925
0x56ef ,23.392426
0x491d ,19.7537
0x7b3a ,26.378328
0x7826 ,19.702204
0x486e ,23.131153
0x7919 ,24.647532
0x2087 ,15.788125
0x849c ,34.272926
0x3728 ,26.54215
0xc85f ,35.889984
0xa267 ,19.118235
0x4c8d ,20.643917
0x3ca8 ,23.04719
0x37c6 ,21.478928
0xbbc1 ,46.273865
0x471b ,22.469997
0xb0cb ,44.02119
0x1e9f ,29.26689
0x1fe7 ,28.868547
0x8f6d ,14.055839
0x52b0 ,38.055122
0x5812 ,19.319544
0x90a ,34.34316
0x27a5 ,27.105906
0x69b9 ,27.511871
0x682b ,39.600304
0x2895 ,20.032417
0x8b0f ,37.378403
0xadfa ,13.472902
0x9045 ,23.024982
0x5104 ,22.389603
0xb787 ,28.440226
0xdc8f ,17.610418
0xac9f ,28.536663
0xa88 ,36.275814
0xbccc ,30.626854
0xc1da ,17.031431
0xd998 ,16.954323
0x5968 ,21.519924
0xbcc5 ,30.122068
0x1cd7 ,20.358913
0xd7d7 ,23.097765
0x8f8c ,30.110964
0x5fd6 ,24.697771
0x6547 ,44.084404
0x1d66 ,22.590508
0xa1b6 ,22.519722
0x4166 ,22.577017
0xbd89 ,37.08109
0x3623 ,23.06258
0x38af ,18.684975
0xc682 ,38.055984
0x2f00 ,34.805172
0x2ab8 ,22.276531
0x67b6 ,37.522278
0xead ,26.261513
0xa64d ,33.661697
0x5d82 ,21.34851
0x79d ,23.135065
0x9b3 ,21.946012
0xd950 ,17.429432
0x84e6 ,30.764135
0xd46b ,27.474894
0x4f75 ,23.288692
0xbac0 ,29.877165
0x2509 ,40.241543
0x7336 ,26.572472
0xd9b3 ,26.960396
0xa396 ,44.72039
0x7ff3 ,40.680046
0x4525 ,19.244045
0x5dd9 ,19.332718
0x4919 ,20.757177
0x44cd ,21.541912
0x3bff ,45.084534
0xc865 ,29.568638
0x98e9 ,22.302435
0x5833 ,27.067825
0xc913 ,37.844383
0xaca1 ,38.313118
0x93e9 ,23.052578
0xc411 ,25.864883
0x38f3 ,36.26898
0x24db ,31.324486
0x91e2 ,36.211334
0xb1e3 ,15.5136175
0x61ec ,36.53041
0xb930 ,19.505812
0x1b93 ,15.378526
0x6c1e ,35.43894
0x7ded ,17.334536
0x2611 ,37.760303
0x21ea ,16.774979
0xc50c ,23.131071
0x5d65 ,36.69284
0x3871 ,33.38617
0xc9fa ,38.923737
0x702d ,26.425205
0x81ea ,21.7499
0xd6ee ,15.808693
0x9f10 ,30.110628
0x6071 ,23.255264
0xc81c ,27.375608
0xc262 ,23.547749
0x7dc7 ,16.10265
0x5c0f ,23.02943
0xcf24 ,28.357317
0x2bb5 ,24.272268
0xb510 ,23.410416
0xb547 ,19.924847
0x3294 ,31.645515
0x68a6 ,20.326378
0xa062 ,25.754255
0xa546 ,44.22915
0xd99a ,34.780525
0xaf20 ,22.350431
0x8e8d ,22.806858
0x1ee0 ,28.60998
0x4fa0 ,36.6466
0x7c80 ,22.785631
0x1ad2 ,22.076693
0x9fad ,17.147604
0x13e9 ,25.985056
0x1c0d ,11.781889
0xae12 ,30.825394
0xa43a ,25.68409
0x735c ,27.24194
0x1008 ,20.184153
0x8606 ,37.370422
0x303c ,22.055605
0xc3d6 ,21.383923
0x127f ,21.52404
0x7108 ,17.39563
0x635a ,19.130873
0xa470 ,19.211603
0xb66f ,30.911995
0x66a9 ,29.122252
0xc71f ,21.754051
0x35bf ,14.20089
0x5cab ,26.108624
0x5cf1 ,36.999687
0x8157 ,20.393627
0x37f5 ,37.49889
0xd35c ,23.794603
0x70c7 ,23.21262
0x863c ,31.9242
0x6c96 ,28.60998
0x204b ,16.967798
0xde10 ,22.023287
0xb433 ,22.794098
0xa87c ,18.91376
0x7d76 ,17.515049
0x24eb ,15.952426
0xa5a4 ,20.020344
0x64f8 ,16.051577
0x747f ,30.437826
0x6064 ,15.690798
0x47b2 ,20.114714
0x87a7 ,37.60165
0x35be ,34.37844
0x534e ,15.774421
0x3a04 ,23.5335
0x5f74 ,25.603046
0x3daf ,21.75419
0x77e2 ,17.924925
0xf81 ,38.085037
0x8943 ,21.909357
0x7b60 ,21.420618
0x8765 ,36.512966
0xac60 ,15.736722
0x8ba4 ,30.452154
0x2d36 ,27.614979
0x815a ,34.3773
0x8982 ,30.916128
0xa154 ,37.69016
0x5bd6 ,36.092876
0x8563 ,17.511635
0xc32d ,24.49769
0x999b ,43.34544
0xd2ba ,48.06302
0x21a7 ,15.627327
0xa113 ,23.28029
0xe115 ,24.727137
0xb129 ,17.511635
0x4e2d ,27.78104
0x1ab9 ,30.626854
0x9385 ,41.47555
0x487a ,21.983229
0x7627 ,36.28887
0xca8c ,13.056996
0x6b15 ,24.210102
0x160d ,21.260017
0xa6e ,35.681023
0xb38c ,27.105906
0x4c44 ,16.095177
0x968f ,36.707985
0xcc4d ,22.241951
0xbd92 ,22.705332
0xf9c ,21.248404
0x1a73 ,32.370228
0xd4a1 ,15.739286
0x6b39 ,23.417545
0x16e7 ,29.207958
0x91d7 ,18.05017
0xb375 ,24.711746
0xa6fb ,21.83605
0x4386 ,24.041317
0x372e ,23.200191
0xbbfb ,25.189518
0x9f59 ,34.545788
0x81fe ,23.524256
0x41f0 ,22.476114
0xacce ,25.762674
0x265b ,32.17289
0x60a9 ,20.257542
0xc207 ,17.757828
0x2acb ,28.323435
0xc21d ,22.176947
0x8eba ,34.355633
0x4c5f ,37.50372
0x94af ,15.6625395
0xb413 ,27.3252
0xb19a ,19.335941
0x9783 ,37.532322
0x8122 ,19.315468
0xbaa8 ,29.79414
0xbd25 ,26.349873
0x3c59 ,23.595135
0x88b2 ,24.890635
0x57a2 ,22.970623
0xcf50 ,27.507357
0xb4b9 ,28.845556
0xda53 ,21.351704
0x8535 ,20.364851
0xdf23 ,38.36987
0x4d18 ,21.0255
0xcd78 ,38.73369
0xd3d6 ,29.853045
0x1bc4 ,18.91958
0x9b5f ,28.847996
0xe23e ,22.525347
0x5e0d ,23.317505
0x2142 ,24.384361
0xa94a ,16.314098
0xb7e5 ,29.457123
0x1ab4 ,22.938686
0x8dfa ,23.17736
0x9937 ,22.160748
0xc2bb ,33.941067
0x2ff3 ,32.921078
0xc556 ,22.798937
0xd46f ,22.668741
0x1430 ,37.68154
0xdd35 ,15.951186
0xdbe8 ,15.539515
0xa212 ,38.085037
0x9ebe ,36.115715
0x2eae ,34.538433
0x1b08 ,26.45956
0x7d58 ,21.357414
0xb033 ,36.413982
0x2e72 ,17.44066
0x60cf ,27.925236
0xd361 ,29.282156
0xb5b9 ,23.460241
0x21ca ,28.999687
0xb7ac ,22.500267
0x2755 ,23.937878
0x4749 ,29.611242
0xc4f8 ,15.5843
0xdd63 ,21.433222
0xd6d3 ,35.167145
0xb180 ,36.560326
0x5f5f ,19.746164
0xd9e5 ,31.765572
0x9a9e ,35.378944
0x529c ,41.913418
0xaf04 ,36.47519
0x76ed ,23.141575
0x65bb ,27.137653
0x5607 ,13.300997
0x8805 ,36.398594
0xbc44 ,35.106625
0x9f90 ,13.35617
0x50f2 ,36.101997
0x3668 ,24.948421
0x3999 ,16.718458
0x7cbe ,21.107323
0xda50 ,19.802269
0x79fb ,14.849312
0xc348 ,36.231785
0x5a55 ,23.123024
0xa3fe ,30.257885
0x7f94 ,39.905933
0xc028 ,25.682758
0x8c10 ,22.027412
0x233c ,29.518929
0x3916 ,31.004074
0xc475 ,19.968586
0xb721 ,41.17807
0x28c9 ,27.84873
0x3fa8 ,24.363287
0x7588 ,19.746164
0x621b ,23.211409
0xa1d9 ,21.275408
0x35b9 ,29.911463
0x4d35 ,40.793293
0x83bf ,17.583155
0x37f6 ,36.135418
0x5262 ,16.834742
0xba22 ,37.729538
0xc844 ,36.226154
0x67b2 ,33.712795
0xd4ff ,38.362396
0xb4f7 ,16.02389
0x5b96 ,22.99669
0x34dc ,17.29308
0xa4d7 ,23.807827
0xd6b1 ,33.244946
0xd4c2 ,23.391972
0x2d50 ,36.443897
0x4d92 ,39.770542
0x15c5 ,44.22915
0xad06 ,29.407412
0xa9e2 ,28.166925
0x63f0 ,19.32358
0x4fed ,42.208263
0xda1a ,21.42412
0xda5d ,23.384588
0x9606 ,26.45956
0x6e0a ,24.915272
0x8231 ,38.66718
0x6c91 ,14.616862
0x786 ,22.343409
0x892 ,37.03571
0xa337 ,22.681658
0xd515 ,22.986013
0x3b88 ,23.477964
0x43c4 ,23.257845
0xd35e ,22.761423
0xc440 ,29.657888
0xc3e7 ,27.220364
0xa8e2 ,22.464413
0x8acd ,29.856825
0xa8ef ,34.21145
0x57cc ,27.238604
0xaf2e ,26.075546
0x57c3 ,17.885693
0x257c ,21.930367
0x63da ,23.105358
0x7feb ,19.42362
0x550a ,17.106558
0x5062 ,16.999563
0x88e9 ,14.71963
0x9e1a ,30.452906
0x3e68 ,41.76102
0x81c3 ,20.041716
0x561e ,16.11224
0x3d54 ,19.47322
0xa487 ,26.773046
0x1bfd ,34.561176
0x6b54 ,28.045256
0xcfa ,33.754837
0xd71d ,22.048443
0xc77 ,35.76719
0xd3f6 ,21.927464
0x8bb0 ,36.726204
0xdc81 ,20.439766
0x9283 ,32.203373
0x4fd1 ,30.103441
0x6b79 ,26.719814
0x903f ,22.477009
0x1f3b ,41.689896
0x66ac ,34.26521
0x67f7 ,19.609493
0xc0bf ,42.714283
0xaa8a ,30.911995
0x9d62 ,34.64015
0x6e36 ,22.555376
0x1e19 ,35.562607
0xa9a6 ,24.711746
0x9ac4 ,21.998142
0xe134 ,21.511545
0xfa3 ,13.372662
0xb388 ,30.062128
0x1ca0 ,36.28887
0xd6a4 ,23.123417
0x4b35 ,27.823383
0xac05 ,25.55503
0x27fa ,26.363947
0x4aa6 ,19.88453
0x3767 ,16.462616
0x9b51 ,30.230455
0xc7d4 ,48.124973
0xdb1d ,28.13136
0x6cf4 ,35.10908
0x459e ,15.983262
0xbc99 ,22.27008
0xd0ee ,25.72962
0x5aaf ,36.71823
0x374a ,38.87585
0xd96f ,27.571901
0xda69 ,27.81676
0x690d ,15.136989
0x4212 ,40.040844
0xb31c ,21.348724
0x11f1 ,37.227245
0xb6a9 ,25.966705
0x38ce ,24.612759
0x8dea ,23.059393
0x454e ,27.645954
0x260b ,29.7766
0x37dd ,38.313118
0x566a ,22.761423
0xa5f4 ,19.811886
0x2e8b ,25.792776
0x4c14 ,27.137085
0x1558 ,34.241974
0xcca8 ,17.7692
0xdbb5 ,15.161467
0xe224 ,25.251892
0x3e5c ,26.117664
0x784d ,27.763
0x1092 ,16.24297
0x782e ,39.66364
0x815e ,35.20246
0xa496 ,22.062984
0x3e6e ,15.566507
0x7a42 ,20.369427
0x2eb3 ,41.095394
0x319e ,21.397442
0x5635 ,36.167305
0x877d ,23.102663
0x5ca3 ,29.407412
0xb568 ,21.476826
0x3948 ,26.363947
0x8913 ,34.42159
0xa8e9 ,21.505362
0xab21 ,20.257542
0xd1d ,17.924925
0x36a6 ,16.052185
0xb893 ,27.090515
0xc4ed ,16.994823
0x93bb ,16.884668
0x5851 ,20.937384
0x7386 ,41.14178
0x6aac ,41.037956
0x1c3e ,20.541058
0xe0aa ,38.38458
0x6c98 ,34.62924
0x7161 ,36.358353
0x2355 ,21.275408
0x6bed ,22.011782
0xcbf3 ,22.081493
0xdfac ,23.280596
0xd4db ,18.525064
0x4f79 ,36.494335
0xc1f7 ,23.305025
0xd20 ,38.08916
0x3cdd ,20.215908
0x7a32 ,37.1289
0x1dc7 ,22.155552
0x6679 ,47.83314
0x85ed ,22.068884
0x54de ,14.522243
0xbd30 ,36.411934
0x3103 ,14.174206
0x8d6c ,21.609207
0xdb18 ,14.543084
0x314b ,38.055122
0x78a ,34.18498
0x50b7 ,14.585827
0x8648 ,17.382166
0x31a7 ,21.786436
0x8a30 ,27.884325
0x2a96 ,21.929548
0x103a ,21.977074
0x7f73 ,16.7059
0x1142 ,34.598476
0x4842 ,20.90425
0x2072 ,20.99815
0x340a ,30.456408
0xd155 ,16.514755
0x8221 ,19.997013
0x86d4 ,49.53452
0x1ccd ,36.457066
0x9d39 ,22.029522
0xce47 ,21.286198
0x383c ,17.982548
0xded7 ,20.29724
0xafc ,24.348291
0x1e07 ,28.69282
0x58b8 ,23.560928
0xd933 ,16.653357
0xd763 ,25.067184
0x6d37 ,22.740763
0x1970 ,29.213257
0x19ac ,33.722324
0xdaea ,31.150602
0x9f6d ,23.123024
0x5a67 ,15.726148
0x1d68 ,33.357723
0xe0cc ,27.265745
0x4b9f ,19.043247
0x937a ,37.554115
0x6c8b ,30.49021
0x3f6f ,21.994106
0x33fb ,23.100796
0x3371 ,33.91758
0x3c1f ,22.970623
0x6c53 ,33.55218
0x2b05 ,23.371084
0x1bfe ,24.678782
0x10b0 ,17.924925
0x8b54 ,22.158318
0x82d5 ,13.060689
0x2645 ,14.031703
0x1d01 ,22.994127
0xb867 ,20.312725
0xb985 ,34.634075
0x1f27 ,40.183384
0x3670 ,18.014872
0x1a72 ,22.3412
0x8878 ,30.110628
0x7434 ,31.695456
0x3217 ,34.62466
0x1c14 ,32.559372
0x9dd1 ,18.963589
0xa2be ,30.748745
0x1425 ,21.99505
0x9953 ,40.039795
0x5c67 ,19.057379
0xd331 ,31.10133
0x6836 ,28.553734
0x2094 ,31.020868
0x4391 ,30.186346
0x9b33 ,21.941236
0xdbeb ,24.08547
0x78b7 ,33.416344
0x6c8 ,21.720028
0xdaec ,22.362488
0x9e71 ,22.7078
0x1f42 ,34.72397
0x7c05 ,20.805662
0x807f ,34.39383
0x7df4 ,27.247477
0x562f ,33.306683
0xcef4 ,19.146263
0x4aee ,23.480377
0x6c7c ,23.839294
0x3f1d ,44.157368
0xa9dc ,23.115782
0xd454 ,29.110804
0xbc48 ,19.243824
0x2d48 ,16.62777
0x7bb8 ,19.146263
0x6575 ,16.999563
0xc1d9 ,20.394056
0xec6 ,19.270643
0xca12 ,24.727137
0x40ad ,20.329865
0x2ac7 ,19.359629
0x9c6f ,27.10411
0x435a ,30.916128
0xbd5f ,19.289957
0x7c18 ,33.974884
0xa1c8 ,20.561441
0x5565 ,21.491669
0x8954 ,21.71476
0x69a6 ,25.632393
0x102e ,45.730988
0xd848 ,29.35158
0x1f68 ,30.062128
0x49c0 ,36.02628
0x8f36 ,21.769854
0x1f06 ,35.391018
0x5123 ,36.698784
0x6420 ,28.52787
0xc2ec ,29.984114
0x4055 ,29.840227
0x83a5 ,16.058233
0x1f3a ,24.447224
0x14b8 ,25.047915
0x83b5 ,27.677826
0x2b91 ,30.220068
0x2507 ,30.062128
0xafb ,23.563627
0x3398 ,23.310017
0xda89 ,19.359629
0x4c05 ,15.865226
0x5092 ,37.61706
0xa4c4 ,22.073751
0xdcf4 ,20.236881
0x1d70 ,38.20752
0x59d3 ,19.371414
0x93cb ,16.1826
0xd78e ,27.105906
0x72df ,19.066969
0x9b1e ,28.82214
0x2ca6 ,38.212925
0x92d6 ,23.177532
0x5628 ,19.49869
0x1c1c ,19.993134
0xa9d7 ,36.524605
0x1abf ,36.00879
0x9bd0 ,18.74471
0x5d69 ,22.218441
0x99d4 ,27.060143
0x1d62 ,21.956078
0xb6b6 ,38.202873
0xbb96 ,45.630314
0xa5b5 ,32.345425
0xa7b0 ,37.361732
0x5edf ,28.574348
0x19a4 ,38.71932
0x7622 ,37.063446
0xa489 ,29.622677
0xd885 ,38.313118
0xd18d ,37.124737
0x260d ,21.485592
0x13b6 ,17.511635
0x3fec ,22.082819
0x351a ,20.141249
0x8bc2 ,30.927385
0x2352 ,24.146887
0x9dc8 ,34.51101
0xb852 ,15.79366
0xa31a ,28.322071
0x2ad1 ,23.305025
0x34d8 ,23.01631
0x2f40 ,26.494122
0x7bb7 ,22.086279
0x4372 ,26.958715
0x9d90 ,36.38405
0x1d0a ,36.1385
0x9dce ,22.0502
0xc5aa ,37.554115
0x7321 ,50.39543
0x1619 ,29.779026
0x7838 ,22.793856
0x75b2 ,16.614952
0x5acb ,23.589344
0xb9ff ,19.245787
0x9e90 ,33.455574
0x391b ,21.850708
0x9c2 ,27.187496
0x53d8 ,24.748234
0x10c0 ,16.768936
0x21c6 ,22.652203
0xc39e ,28.217766
0xbbd1 ,16.956745
0x3f79 ,26.287956
0x6a61 ,40.386715
0xdb55 ,38.906315
0x7369 ,16.09368
0x2e27 ,22.020596
0x74dd ,21.420618
0xc158 ,20.198975
0x66f9 ,19.002693
0x2b29 ,18.722874
0x2a34 ,22.035885
0xab8c ,28.704453
0x80df ,20.36249
0x4c01 ,31.629395
0xade5 ,20.2409
0xd8f0 ,13.3659935
0x4472 ,26.050217
0x7f45 ,15.633049
0x1aaf ,22.577904
0x19c6 ,14.90661
0xde78 ,29.69515
0xcbf8 ,27.052835
0x8f26 ,26.937483
0x9792 ,26.856058
0x4ab4 ,33.61756
0x8ffc ,20.312725
0xb689 ,34.101353
0xd941 ,23.403458
0x9a1d ,23.439585
0x6015 ,19.790867
0x7568 ,25.592163
0x409e ,46.162582
0x7518 ,15.711881
0x7e7e ,34.89456
0x2b7c ,16.243294
0x7051 ,22.920124
0xc837 ,34.805847
0x89d2 ,24.31083
0x1b13 ,24.875546
0x2f2d ,18.420063
0xd31f ,34.363506
0x1adf ,20.832754
0xc093 ,22.191801
0x85f8 ,35.133846
0x2bf6 ,22.536028
0x4b6b ,22.087059
0xc724 ,48.00421
0x54ac ,29.731028
0x2748 ,31.01031
0x59fe ,40.27092
0x55cc ,18.014872
0x10a9 ,21.870358
0x691e ,16.369852
0xb047 ,37.560566
0xc31f ,30.220068
0x7af4 ,34.34316
0x700a ,22.027412
0xff5 ,36.231785
0x339c ,22.020334
0x1336 ,27.164568
0x2b37 ,16.142944
0x2d59 ,27.748981
0x21b1 ,25.367144
0x88fa ,42.86061
0x346a ,24.306664
0x8c14 ,21.490587
0x194c ,27.798111
0xbd42 ,19.0063
0x1124 ,34.37844
0x7b25 ,17.245825
0xc977 ,25.626799
0xd447 ,26.787601
0x13af ,29.638586
0xa3ea ,23.318558
0x9a49 ,38.65692
0xa4f ,27.182413
0x95aa ,14.232582
0xd060 ,22.673834
0x17e3 ,23.411701
0xe19a ,21.125553
0x79aa ,37.83311
0x752e ,19.585382
0xad17 ,24.4893
0x33d2 ,16.006771
0x8a08 ,36.353115
0x1f09 ,38.72845
0xa8c9 ,26.275877
0xde6b ,23.57437
0x8d81 ,22.821493
0xc82f ,22.081493
0x1332 ,23.337006
0x3461 ,16.999563
0xca21 ,21.90564
0xe0f6 ,23.382874
0x63fb ,24.058058
0x7fe9 ,16.753267
0x6587 ,16.429466
0xac70 ,18.135773
0xc1ee ,27.016726
0x7549 ,14.665099
0x3c43 ,23.216118
0x65a8 ,18.191446
0xb12c ,25.591618
0x2e1b ,19.163105
0x7fc9 ,30.978773
0xa28d ,17.913363
0xcb83 ,23.361452
0xd753 ,21.153393
0x7bd5 ,40.128876
0x8b4d ,25.997198
0x986c ,11.241799
0x2e6b ,43.91282
0x49af ,34.82739
0x63d1 ,18.850176
0x860f ,37.91668
0x801d ,39.767937
0x8d93 ,34.30999
0x86cc ,42.935863
0xc46e ,18.441517
0x2127 ,20.117537
0x505e ,19.0063
0x2747 ,34.308006
0xc414 ,23.11499
0x3bd9 ,27.28355
0xb390 ,36.573654
0xb85b ,36.412437
0xa628 ,21.948954
0x1733 ,51.953304
0xc331 ,34.39383
0x65f0 ,17.147604
0x9699 ,37.151936
0x53be ,21.846323
0x3c29 ,20.558813
0x7a3d ,38.73369
0xcd7c ,28.543797
0x9c58 ,25.819412
0xccd9 ,20.831717
0x7e19 ,32.379375
0xaec0 ,25.00395
0x703a ,14.245911
0xaa35 ,24.727137
0x712c ,25.251892
0x2ae1 ,18.169737
0x10ef ,35.062847
0x4c61 ,34.18498
0xb127 ,24.122309
0x2177 ,20.566122
0x3685 ,27.940186
0xa36c ,17.355629
0xd193 ,35.212757
0x789b ,23.51811
0x5f45 ,21.412085
0x970f ,23.44485
0x3f66 ,18.055197
0xa8ba ,45.78245
0x9e68 ,23.123024
0x3fc5 ,19.557991
0x3c8b ,32.678875
0x37a3 ,24.73529
0x542e ,28.672726
0xe09d ,25.201052
0x6d93 ,24.897835
0x6f16 ,30.204678
0xb468 ,36.375248
0x6bae ,16.237492
0xc586 ,24.350618
0xd9a3 ,28.677498
0x7970 ,34.39383
0xb1d6 ,26.937887
0x6144 ,28.762772
0x6027 ,14.968819
0x7e8b ,21.268517
0x8c7f ,23.280596
0xcfc ,37.668457
0xe1f4 ,24.139126
0x45e1 ,14.22701
0x4aa7 ,37.426212
0xb114 ,21.206741
0x547e ,24.61134
0x934b ,16.584288
0x45b9 ,24.674871
0x365b ,23.45334
0xd095 ,27.308134
0x768 ,34.358547
0x2178 ,28.69467
0xf6d ,23.150194
0xde0c ,14.528587
0x771e ,29.83108
0x1196 ,23.540438
0x268e ,28.71641
0x97a8 ,47.262142
0x81c2 ,22.410685
0x835e ,17.266209
0x6c1a ,30.36764
0xe20 ,22.068884
0xc868 ,38.32886
0x9787 ,35.320827
0x7772 ,26.73903
0xfff ,38.140007
0x56df ,29.009909
0x25cb ,24.709904
0x831c ,30.341255
0x5d5e ,37.54988
0x7aae ,28.610922
0x3944 ,22.165934
0x9652 ,22.616968
0xba71 ,35.489918
0xf78 ,29.621887
0x67d4 ,24.460033
0x77ff ,28.060162
0x2514 ,26.45956
0xf3b ,35.803734
0x282c ,47.076485
0x8223 ,22.216816
0x7b5a ,22.920124
0xdf35 ,22.007294
0x28d4 ,23.115782
0x3285 ,21.13825
0xac58 ,30.453217
0x30d4 ,14.780174
0x74e2 ,30.935678
0xb4cc ,26.34897
0x829b ,26.313883
0x8238 ,14.272525
0xb3fe ,25.544409
0x6fab ,14.164599
0x70ac ,23.278036
0xbe7b ,38.055122
0x16cc ,25.223883
0x51b1 ,14.223048
0xa9d3 ,36.59737
0xa08f ,24.349724
0x8854 ,22.001373
0xaa05 ,41.52971
0x5f50 ,19.968763
0x5a50 ,22.132929
0xe0a2 ,33.46069
0x2f09 ,21.408905
0xbcd7 ,23.200191
0x5718 ,24.195444
0x90eb ,19.055752
0xd004 ,28.697124
0xbf6f ,38.467003
0x6e47 ,28.505777
0xa149 ,28.60159
0x5bcc ,21.723623
0x8fae ,21.317846
0x1296 ,38.144653
0xaf26 ,36.692028
0xc654 ,24.666718
0xd013 ,19.146263
0x13a8 ,22.975615
0xbe8d ,22.22865
0x2b43 ,26.518223
0x5972 ,16.646578
0xa7d8 ,23.475672
0x805 ,27.11406
0x85a3 ,29.793814
0xc341 ,45.609333
0x3ce1 ,15.941478
0x5ed0 ,20.196749
0x2080 ,46.194782
0x7fb6 ,21.228384
0x59f9 ,36.214577
0xa506 ,20.765139
0x531f ,18.63718
0xbdeb ,17.924925
0x1491 ,22.337196
0x6009 ,33.36073
0xbfc2 ,30.161541
0x3758 ,22.011782
0xaccb ,34.851337
0x8025 ,21.266483
0x52f5 ,36.211334
0xa92b ,21.325127
0x8bcd ,19.0063
0x38d8 ,28.302902
0xc1e6 ,23.187914
0xac2f ,22.024391
0x5a38 ,15.261167
0x7288 ,23.280596
0x7ae8 ,25.55594
0x2f79 ,19.359629
0xa00f ,26.319265
0x4711 ,19.570871
0xdaf9 ,23.360086
0x3421 ,22.059042
0xbbe0 ,33.974884
0x9b87 ,14.807059
0x42d7 ,34.805172
0x2312 ,37.6597
0x5654 ,22.029522
0xb9b2 ,20.59198
0xc07a ,38.476265
0xa531 ,22.623543
0x1c4f ,15.793745
0x438d ,26.527493
0x2786 ,19.277285
0x9cb ,24.998718
0x201c ,18.399612
0xa7d7 ,24.73247
0x7a06 ,29.638586
0x6a27 ,35.133846
0x2011 ,26.541767
0x1cac ,22.213408
0x8208 ,21.825306
0xa52f ,19.25936
0x2759 ,20.364342
0xcbe7 ,35.55651
0x5d30 ,39.185677
0x6c7e ,24.02112
0xcee9 ,24.96062
0x1d2c ,21.269957
0x525b ,23.179007
0x5c38 ,23.144958
0x91e3 ,19.790867
0x33d5 ,27.09524
0xb02f ,30.230455
0x9d14 ,29.721817
0x1e63 ,17.44066
0x19e3 ,20.32604
0x8057 ,18.813423
0x658a ,37.705563
0x1ee8 ,37.704254
0x4157 ,21.881397
0x43cc ,20.278204
0x9e76 ,21.268517
0x5aeb ,27.563427
0xbf61 ,23.234135
0xd434 ,38.005207
0xbdf9 ,15.743323
0x142a ,24.913225
0x1471 ,21.068941
0x9549 ,38.389153
0x4aea ,19.76318
0x903e ,24.220736
0x8338 ,28.69109
0x7a8b ,16.416924
0x711d ,23.64667
0x6442 ,22.477201
0x9bdb ,27.626041
0x2f25 ,21.939901
0x2750 ,21.502394
0x4f81 ,24.918015
0x791b ,22.206545
0x8541 ,17.025927
0x8e84 ,19.52269
0xcc77 ,21.355898
0x3935 ,24.73247
0xa302 ,21.986473
0x8402 ,26.117664
0xa372 ,22.920124
0x8a89 ,36.10743
0xda6 ,22.605614
0x9170 ,13.571913
0xa0cd ,32.045048
0x90f ,24.496923
0xa567 ,22.213678
0xe23d ,25.54887
0xae74 ,15.633049
0xa407 ,35.170776
0xc47b ,27.124475
0x80e1 ,23.92793
0xdf84 ,14.757272
0x3502 ,16.54561
0xd762 ,36.443897
0x8613 ,30.988644
0x6689 ,20.083273
0xb57a ,17.924925
0x444b ,23.289707
0xc24b ,21.985033
0x63e9 ,25.346952
0xa6c8 ,24.586023
0x44cc ,27.380825
0xe06d ,23.131071
0x8052 ,23.551569
0xab08 ,21.464088
0x4bc7 ,24.727137
0x397d ,16.83637
0xb671 ,34.73006
0x3c47 ,23.082535
0x42d2 ,22.230434
0x27f8 ,24.948666
0x404a ,29.69673
0x706a ,39.130814
0x84d8 ,38.523205
0x641f ,14.856438
0xa595 ,22.273054
0xa544 ,22.946625
0xc43d ,19.041395
0xb18e ,39.97555
0xe094 ,24.711914
0x9665 ,23.985023
0x80de ,15.998552
0xadf3 ,14.096577
0xb63b ,23.467518
0x4977 ,24.612759
0x8d4d ,23.344696
0x5724 ,16.61348
0xad03 ,19.823273
0x414f ,21.92065
0xb158 ,44.390186
0xba98 ,28.826082
0xaf94 ,28.73018
0x6ef6 ,21.400072
0xa8c8 ,37.489105
0x80af ,14.104463
0x7d6c ,16.23043
0x19ed ,41.373695
0xa782 ,20.19577
0xb850 ,22.970623
0x6581 ,25.793993
0x346f ,15.070927
0x4a33 ,22.957382
0x4d53 ,36.16902
0x95a9 ,16.656044
0x89fd ,42.016666
0x4a8b ,22.045052
0xcc6a ,34.24774
0x3e4a ,17.871355
0x5390 ,21.956078
0xa1e ,38.909065
0x80c3 ,27.639439
0x7810 ,27.19691
0x9e3e ,18.135773
0x26f2 ,41.102528
0x7bc6 ,21.338028
0xa005 ,19.131264
0x72b7 ,36.211334
0xbad2 ,18.88828
0x5f84 ,19.724817
0x530d ,29.409838
0x845f ,15.256315
0xc62f ,35.283302
0x1af0 ,20.295458
0x5a71 ,34.241215
0xd0b8 ,21.299093
0x9e3a ,20.727528
0x1463 ,25.619272
0x7735 ,20.266335
0x7559 ,33.494156
0xa3de ,29.407412
0x79f1 ,25.868553
0xf8c ,28.695253
0xb7f5 ,16.173532
0x9d3d ,21.16988
0x1efd ,47.243214
0x2fb0 ,38.20752
0x61c8 ,31.526192
0x961d ,15.706085
0x3731 ,27.84873
0x8051 ,34.40817
0x4324 ,44.0243
0xb5f1 ,28.233912
0x83ee ,24.414783
0x16c4 ,24.323496
0xda46 ,27.090515
0xa96b ,20.793392
0xcb4d ,44.071728
0x4a15 ,21.509592
0x2b0c ,36.50571
0x2a9c ,24.883915
0x60f6 ,38.00839
0xf2d ,34.358547
0xac59 ,34.4739
0x3bc7 ,32.846104
0xd5ea ,40.119534
0x4a69 ,21.495422
0x9ecb ,48.759262
0xdefa ,25.032036
0x93c1 ,22.167912
0x57e6 ,22.048147
0x8f64 ,18.135773
0x7223 ,34.521587
0xdb67 ,11.839383
0x8fca ,34.19038
0x49ba ,17.876577
0x2cc9 ,27.677826
0x3fbe ,36.366386
0x565d ,22.454887
0x6ff5 ,34.43446
0xae7 ,23.067924
0x4c0a ,36.3721
0x5368 ,16.274143
0xb3f3 ,21.960793
0xa259 ,21.473715
0x606e ,27.680994
0xd6f1 ,17.73312
0x44ca ,35.095882
0x5db5 ,25.50996
0x4b26 ,22.312613
0x7094 ,21.449936
0x7540 ,37.179386
0x7723 ,22.376474
0x3aca ,24.091717
0x34af ,24.526522
0x61e0 ,24.478722
0x7a43 ,27.10084
0x9d71 ,39.469166
0x449b ,21.71782
0x555b ,30.199366
0x122d ,17.909534
0x1cfa ,25.98263
0xe9e ,30.027811
0xb803 ,32.722935
0xe142 ,23.124651
0x263e ,38.749077
0x1563 ,34.03805
0xbeba ,23.421999
0xc189 ,23.06258
0xa37b ,20.389404
0x585b ,22.43445
0xe154 ,24.06415
0x403c ,37.532055
0x5492 ,33.698112
0xa724 ,19.146263
0x89e7 ,27.026234
0x608f ,35.7672
0x2f51 ,22.986013
0xda26 ,30.453869
0x6f5e ,29.484179
0x4ebb ,16.638542
0x48c0 ,26.559982
0x45e7 ,26.527493
0x28de ,37.259773
0xfe9 ,29.227589
0x4127 ,26.425205
0x36ea ,21.93055
0x4f50 ,28.176147
0x7a8f ,18.169737
0xdc80 ,26.363947
0x4f00 ,31.9242
0x62fe ,37.83311
0x602e ,45.532387
0x271b ,35.291542
0xc604 ,41.101166
0xd265 ,26.66905
0x126b ,19.77857
0x8811 ,14.969458
0xac0c ,16.204193
0xe223 ,20.916681
0x4596 ,31.58358
0x26ad ,15.562775
0x522a ,22.957382
0xc17 ,17.428036
0x345f ,26.11166
0x3eca ,45.64805
0x3ace ,27.107653
0x30e6 ,31.9242
0x1143 ,15.354248
0x3135 ,35.78135
0xcc2a ,23.579962
0xca7c ,19.146263
0x7952 ,23.955923
0xded2 ,23.102314
0x3939 ,24.480026
0x6b18 ,26.432997
0x87aa ,16.217709
0x53a5 ,17.195654
0xcfca ,38.5948
0x4014 ,30.823954
0x97d6 ,26.323656
0x65c2 ,23.272203
0x37d6 ,34.081505
0x8650 ,33.330532
0x1628 ,27.1709
0x10b7 ,21.947634
0xb9f ,25.650013
0xb5a6 ,44.974083
0x37a7 ,21.263613
0xcd6b ,22.394663
0x274d ,15.187054
0x8e7b ,20.699987
0x33b1 ,24.758606
0xa68b ,25.703882
0x91f9 ,24.927021
0xacea ,27.309814
0xb275 ,29.000196
0x84c ,34.4564
0x7d95 ,36.02336
0x38a2 ,22.041626
0xc09a ,25.23177
0x884 ,20.84686
0xaf64 ,23.197765
0xd1db ,24.122446
0x4cc1 ,26.455269
0x49b7 ,33.21639
0x78bd ,21.50912
0x4fa2 ,23.544342
0xa22f ,29.47001
0x7faa ,36.818844
0x4c41 ,25.350708
0x331b ,21.400072
0x90b5 ,33.942097
0x38e1 ,48.26925
0x2419 ,19.969849
0xc5d3 ,30.453217
0x4da6 ,19.907034
0x9011 ,22.080769
0x387d ,29.879227
0xb331 ,20.8324
0x1607 ,23.305025
0xa231 ,21.299093
0x1d95 ,12.996665
0x7be7 ,18.031113
0xbe48 ,26.646515
0xa24e ,22.380983
0x21c0 ,14.817874
0xc3b6 ,24.31083
0xc33e ,30.163723
0x6c65 ,23.180363
0xab12 ,30.161541
0xd8e5 ,35.604176
0xa6bb ,22.23478
0xcbf1 ,27.30926
0x58f0 ,21.428442
0x73f9 ,33.047764
0xd778 ,36.494335
0xd21d ,24.277956
0x38de ,20.074669
0x846 ,40.1939
0xbbf7 ,36.354134
0xde97 ,21.82857
0x3b2c ,27.862772
0x7d9b ,16.0864
0x251d ,32.144543
0x7d3f ,19.514643
0xd673 ,37.67409
0xe201 ,26.480848
0xae9d ,30.958736
0x8115 ,20.750626
0x8722 ,36.26898
0x64a8 ,23.315008
0x387b ,23.0602
0x6419 ,20.249016
0x4819 ,29.83108
0x6395 ,26.958715
0x4975 ,19.36167
0x619a ,24.650938
0x3ee8 ,42.127167
0x853d ,14.98713
0x98cc ,20.354492
0x2f1e ,22.99554
0xa06e ,20.076963
0x8e2d ,21.923452
0xd94 ,36.3963
0x10ae ,21.970299
0x5144 ,47.135315
0xc454 ,16.985243
0x1f5d ,33.455574
0x8666 ,34.6671
0xaf37 ,29.68752
0x141c ,24.019438
0xd59e ,16.684837
0x1751 ,26.409815
0xde4f ,45.950855
0xa26c ,39.91931
0x9ce3 ,22.556519
0xa1fe ,19.02422
0xea2 ,21.242529
0x5b26 ,32.373837
0xdbb8 ,16.256874
0x4bd7 ,15.2284565
0x6b66 ,15.883722
0xc02c ,26.350674
0x294c ,20.964857
0x4e2f ,19.812256
0xd7e1 ,40.312775
0xf43 ,37.39597
0x4bef ,28.440226
0x6571 ,37.312817
0x42d5 ,15.611293
0x4830 ,28.866686
0x542d ,21.71107
0xda5a ,26.314447
0xba1f ,19.370329
0xb21c ,17.021368
0xcdb8 ,21.243002
0x2efd ,14.6955185
0x8f1c ,21.554857
0xae6d ,24.091305
0x11a7 ,14.640135
0x37d2 ,22.994127
0xda24 ,18.824936
0x4afa ,23.44485
0xca3 ,15.545371
0x6235 ,22.570843
0xb469 ,36.39519
0xc880 ,21.549591
0x70a4 ,37.836746
0x38c1 ,22.117641
0x3ef6 ,25.711855
0x77da ,37.0816
0x5852 ,38.15649
0xedf ,21.839502
0x58b0 ,27.565353
0x8fe2 ,19.076483
0x602f ,38.892685
0xd750 ,42.409534
0x2829 ,32.278416
0xe1a7 ,19.168842
0x81b4 ,15.586962
0x694b ,30.43924
0x8dec ,34.579082
0x9efa ,34.505604
0xabab ,24.711746
0xd8bf ,20.307423
0xca64 ,27.509071
0x6d77 ,24.597027
0x5266 ,22.48088
0x2718 ,30.453217
0xc248 ,22.029505
0x4d59 ,36.783184
0x8774 ,32.402973
0x4962 ,24.577997
0x2215 ,38.15031
0x834b ,23.022339
0x8242 ,14.063933
0x4a10 ,39.91931
0x3bed ,21.282976
0x5973 ,26.303581
0x3ac4 ,22.95091
0x8eeb ,24.717869
0x42a6 ,35.186165
0x3b54 ,27.68379
0x1ee9 ,20.298927
0xb423 ,22.388613
0x3d08 ,19.483217
0xc0ae ,41.58843
0x3810 ,23.37624
0x7797 ,40.749943
0x4d55 ,21.475887
0x2fd7 ,19.80868
0xc2da ,25.446335
0xafbf ,42.15053
0x2f85 ,23.302929
0xeae ,29.515394
0x46f0 ,23.599827
0xa0e5 ,33.823624
0x31c8 ,27.87949
0x6414 ,23.05972
0x62f6 ,20.822466
0x1e81 ,27.995749
0x4f45 ,41.235542
0x971e ,22.503855
0x3070 ,21.309126
0x297d ,20.162302
0x37d1 ,25.840786
0xa2ba ,21.029696
0xbf64 ,36.22674
0x6bfa ,20.97109
0xcbdb ,22.167912
0x71c4 ,50.2951
0xa21f ,32.409042
0x530e ,23.523869
0x98b7 ,32.17744
0xa427 ,22.001373
0x9312 ,21.626598
0x2827 ,38.039734
0xafb2 ,23.982002
0x9db7 ,36.350998
0x2aec ,22.766287
0x9aa9 ,44.233036
0x6385 ,34.78845
0x211a ,15.765726
0x6214 ,22.281446
0x369d ,37.477703
0x28a3 ,31.629395
0x7ea4 ,16.433735
0xd87 ,27.985811
0x8567 ,36.36049
0x5559 ,27.26611
0x964f ,22.7934
0x2261 ,29.478872
0xb172 ,13.315105
0x2da9 ,26.348557
0xc8a6 ,36.565903
0x7ef8 ,21.549591
0xac65 ,23.391489
0x4ff9 ,20.852179
0x46d8 ,21.58274
0xb187 ,27.586222
0xdf46 ,24.799452
0xcde2 ,16.016365
0x6209 ,21.214876
0xbde3 ,24.13761
0x47f1 ,21.42513
0x5006 ,33.906796
0xbc7f ,24.98856
0x7509 ,25.770596
0x8fda ,30.170715
0x1e38 ,22.988619
0xb853 ,21.7929
0x1b41 ,31.608353
0x2212 ,29.25963
0x43cb ,16.507061
0x36d7 ,25.80061
0x9ff3 ,22.688658
0x11e9 ,30.028011
0xa8b5 ,17.924925
0x6a4e ,26.064934
0x32fb ,25.050701
0x49bc ,34.805172
0xd2cd ,31.020544
0xa568 ,19.455162
0x2ef8 ,21.11581
0x74e9 ,23.420898
0x6662 ,20.70292
0x69f4 ,34.270622
0x18d8 ,23.43105
0x367a ,33.698112
0xd7a6 ,23.052578
0x92da ,18.471548
0x4d77 ,13.331984
0x6f27 ,27.773731
0xcb66 ,30.280247
0x2791 ,37.40992
0x99c3 ,20.288082
0x69a5 ,20.084707
0x4544 ,23.448837
0x3c85 ,39.900276
0x503a ,18.94512
0x7510 ,23.467518
0x672d ,20.257542
0x18fb ,21.46324
0xd335 ,21.325127
0x1359 ,16.698547
0x8dcc ,13.585899
0x5c25 ,22.290634
0x1225 ,37.19373
0xd0f6 ,37.583767
0x3ead ,24.682108
0xa629 ,22.542276
0x1706 ,34.37559
0x9b04 ,17.334164
0x4c37 ,23.365139
0x6b2b ,23.438717
0x900c ,30.204678
0x128f ,23.356739
0x855a ,31.58358
0x46f3 ,25.268736
0xc73a ,22.449697
0x398e ,21.938158
0x1340 ,22.300531
0xaf4b ,27.105906
0x9638 ,23.360086
0x99c6 ,36.767044
0x3cfe ,36.382523
0xbc66 ,19.055758
0xdbdf ,25.34393
0x4a94 ,36.143898
0x693d ,22.937105
0x9200 ,27.760574
0xcde6 ,15.062234
0xde56 ,22.986013
0x17c6 ,35.1766
0x829e ,22.698187
0x279d ,39.685123
0x9da4 ,19.958187
0x3a62 ,14.691544
0x74a0 ,27.904268
0xcc9d ,23.31139
0xc19f ,37.33813
0x8ea8 ,13.386713
0xbb8a ,31.020544
0xd4de ,19.0063
0x1dcf ,28.277765
0x7020 ,24.913225
0x157f ,17.553661
0x26c5 ,36.440495
0x44f7 ,26.374119
0x2f3c ,19.567326
0x7607 ,14.984223
0x4ce4 ,22.879377
0xcb06 ,31.004074
0x165c ,19.795397
0x9904 ,23.93268
0xc07d ,20.311436
0xe00c ,27.467009
0x8d6e ,15.57192
0x8211 ,17.938345
0x2d8c ,35.459442
0x8d46 ,34.37844
0xbd8a ,30.916128
0xbecd ,42.741554
0xa45d ,16.23107
0x956e ,30.280247
0x5503 ,20.467482
0xd2d2 ,21.959242
0x9002 ,27.926584
0xaec1 ,14.008099
0xd9e6 ,22.0502
0xa5f1 ,22.798832
0x89b7 ,21.173038
0xd64c ,37.33759
0x822d ,35.000294
0xc02d ,23.278036
0x4864 ,17.431437
0xab76 ,14.775147
0x9b11 ,31.081802
0x59dc ,24.08165
0x7a59 ,32.152214
0x4653 ,16.247562
0x2097 ,32.140312
0x5588 ,40.226154
0x493a ,28.522331
0xddd1 ,32.671844
0x1e6c ,24.828089
0x29e0 ,24.053581
0xc520 ,39.475506
0x77ec ,33.350414
0x2d3f ,22.87644
0x52ac ,39.91931
0x43e5 ,26.348557
0xa03 ,22.396082
0xd1f ,32.893055
0xa9fc ,38.602577
0x82cd ,21.554857
0x1ada ,19.093332
0x260c ,36.606625
0xcaa7 ,35.074184
0xa57d ,49.14144
0x7b58 ,32.985817
0xbfd4 ,22.645538
0xd8cd ,29.288538
0xc250 ,28.616528
0xc8e0 ,18.792309
0x357c ,24.49552
0x798a ,16.844698
0x4931 ,15.52183
0xc321 ,15.633049
0x6f84 ,26.169064
0xb9bf ,34.70625
0xd3ae ,16.68134
0x2bb9 ,22.39859
0x7d7b ,23.135065
0xd278 ,19.82293
0x9e4d ,24.19584
0x281b ,24.524683
0x17e2 ,22.448498
0x955b ,25.693258
0x333a ,27.93996
0x22bc ,37.08351
0x928b ,22.031036
0xe0a0 ,33.947693
0x1d3c ,41.055153
0x87ed ,22.216513
0x74de ,16.899843
0xd5a7 ,19.198793
0x9d7a ,28.413467
0x7404 ,24.228725
0xac15 ,18.4266
0xd089 ,37.162956
0x5dfb ,32.62784
0xb7bb ,29.319502
0xdb79 ,36.31037
0x62d0 ,22.356434
0x5f9d ,33.683456
0x6a6a ,19.377455
0xaab3 ,35.060417
0x15ee ,15.7620535
0xc19 ,27.099068
0xac7f ,35.0605
0xc1c3 ,32.737514
0x8c51 ,40.952644
0x8ec9 ,23.278036
0x2d6c ,23.09996
0x77a2 ,41.919098
0xdf7c ,25.62517
0x8a42 ,17.924925
0xaf3f ,37.440548
0x9353 ,14.885042
0xb69a ,24.140335
0x61b0 ,38.980526
0xb07a ,28.744154
0x6da ,21.243002
0xcaf3 ,28.488657
0x67c9 ,37.95043
0x53a8 ,10.243018
0x14fe ,20.751755
0x46aa ,27.105906
0x13c1 ,36.558876
0x680f ,35.803734
0x4408 ,17.38709
0xc2ea ,30.911995
0xb61f ,23.205667
0x30bd ,38.749077
0x168c ,19.999992
0xc510 ,33.43137
0xaa88 ,22.986013
0x638b ,26.286077
0xddd0 ,35.160835
0xd9b9 ,15.853144
0x497e ,18.490208
0x9efc ,25.682941
0xca81 ,20.27295
0xa2d5 ,26.533613
0x1495 ,19.599445
0x8121 ,34.364014
0x8ee5 ,23.256523
0xae2a ,31.051529
0x55b8 ,43.65999
0xca76 ,38.401817
0x99de ,19.146263
0x69d9 ,22.491043
0x283a ,26.153486
0x70af ,17.399633
0x3827 ,26.348557
0x62e2 ,51.530216
0x47d1 ,30.489601
0x2bd5 ,45.56669
0x87b2 ,17.12527
0xba07 ,14.885042
0x6d54 ,14.761
0x5557 ,26.00431
0x27ca ,22.558647
0x4ca3 ,27.026234
0xa3d6 ,22.451023
0xa7c0 ,14.383688
0xa104 ,30.437826
0xcac1 ,21.473078
0x2b08 ,27.317612
0x4b83 ,23.257998
0xc4fc ,34.59564
0x94c8 ,24.738178
0xb848 ,37.063446
0x83f2 ,33.636387
0xd2b3 ,20.34992
0x344b ,30.09984
0x7f46 ,22.798937
0x74c0 ,34.60383
0x72a4 ,23.083107
0x90d ,30.599657
0x92b8 ,25.080166
0x851c ,15.756002
0x6902 ,23.16975
0x93fa ,22.93297
0x3823 ,26.909569
0x3df1 ,23.418669
0xcf11 ,20.961384
0x876a ,31.400148
0x9234 ,21.961374
0x2cc2 ,22.761423
0xb1b2 ,36.803734
0x9df0 ,36.363865
0x4f67 ,21.382645
0x2939 ,19.329578
0xdbcd ,21.108582
0x99a3 ,21.266483
0xbd4a ,31.9242
0x3012 ,28.58802
0x4bf6 ,37.664646
0x910a ,30.209623
0x85b8 ,16.246489
0xd9c0 ,25.393938
0x4c09 ,27.948534
0x7d86 ,15.67534
0x4d72 ,30.05673
0x4fbc ,16.07283
0x99f6 ,26.856058
0x357a ,27.145725
0xd6e8 ,36.049496
0x6bc1 ,21.481302
0x2204 ,31.048416
0xca7e ,30.31233
0x407a ,16.811253
0x9cfa ,31.176468
0x60a6 ,24.786825
0x4298 ,20.6647
0xcf2d ,25.930782
0xc942 ,47.412292
0x8181 ,23.105358
0x3e93 ,16.585337
0x1a6b ,42.47917
0x2e49 ,15.435947
0xe01e ,21.227612
0x1b11 ,26.634792
0x73d6 ,23.010197
0xb725 ,35.41038
0xdcc6 ,39.770542
0xb6ac ,22.281633
0x5bed ,22.45083
0xd3c1 ,29.960732
0x289e ,27.134104
0x86fb ,26.091022
0x8e00 ,22.59759
0xa08b ,40.98921
0x7507 ,23.096392
0x2a5d ,22.227554
0xb7e9 ,15.530798
0xb0b3 ,33.497276
0x95f7 ,34.37844
0x2042 ,42.493813
0xb722 ,33.766205
0x5f0a ,15.416912
0x6c1d ,21.978716
0xa1f3 ,22.165762
0x177b ,16.508217
0x78dd ,22.028538
0xac55 ,17.355093
0xc5e0 ,39.469166
0x7cc3 ,24.666718
0xafd0 ,29.041468
0x8998 ,27.11406
0x6528 ,13.453181
0xbc93 ,23.659765
0x620a ,23.06258
0x2ed5 ,34.434063
0x894a ,22.994127
0x4c75 ,26.21959
0x4d49 ,24.54106
0x889a ,22.26522
0x256a ,15.633049
0xaddc ,39.497738
0xb81e ,40.899075
0x77a8 ,20.396097
0xd5f5 ,27.205065
0xdba9 ,33.718056
0x4668 ,38.609325
0x3d2a ,20.807549
0xc31e ,23.381378
0x6da3 ,33.90723
0x68f8 ,36.486305
0xd44b ,26.173439
0x795d ,34.437943
0x400d ,20.93107
0x2ed2 ,22.62829
0xe00b ,34.902496
0x1aa3 ,22.587564
0xc3bc ,17.138014
0x3336 ,27.677826
0xe0ca ,30.453217
0xa91a ,35.207928
0x50f4 ,21.375597
0x1a80 ,19.359629
0xd74a ,33.91201
0xdd8d ,24.577997
0x52bb ,36.73101
0x1e4c ,22.234142
0x26f4 ,16.43924
0x332f ,24.225628
0x8970 ,23.482908
0x26b9 ,28.372707
0x6a26 ,20.721464
0x5f44 ,19.783434
0x876e ,26.093187
0xcf1c ,22.570696
0x7bb6 ,13.242377
0xd31c ,24.711746
0x52f1 ,21.512583
0xbdd7 ,27.105906
0xad71 ,21.356953
0x65ce ,39.770542
0x8b36 ,24.046272
0xcdd6 ,19.91417
0x5c51 ,30.39835
0x77e0 ,41.351734
0x9356 ,34.23248
0x5e50 ,19.864323
0x77de ,18.379396
0xd472 ,26.664034
0x976c ,37.05936
0xcbd0 ,26.133102
0x90f2 ,21.206741
0x6f49 ,34.112915
0x777f ,26.735
0x81e0 ,24.058058
0x58d7 ,22.0973
0x393f ,15.973785
0x147b ,25.985674
0xd9b6 ,23.99648
0x9f45 ,40.87536
0xc8b2 ,22.738714
0x9fc6 ,29.731028
0x8f9f ,37.54989
0x311a ,21.334986
0x4efb ,27.260336
0x7fb8 ,19.746164
0xa0c ,37.54942
0xb73b ,18.135773
0xd9ef ,22.026997
0x7ddc ,17.463842
0x6c14 ,33.17376
0x4575 ,26.958715
0x73f5 ,23.305025
0xafbe ,22.531403
0xda49 ,35.033607
0x42d8 ,23.426344
0xb22d ,21.260017
0x6e12 ,18.982208
0x7168 ,21.850782
0x7da6 ,22.184595
0x353c ,21.825306
0x6dc ,27.24194
0x4160 ,26.981594
0xf87 ,22.955051
0x608c ,22.049446
0x2538 ,22.970219
0xa904 ,22.639162
0x8560 ,19.146812
0x6d83 ,24.353045
0xddef ,29.87919
0x4659 ,19.498579
0x1299 ,21.451836
0xad3a ,26.314447
0x6500 ,15.736722
0xdb8a ,27.270405
0x4901 ,23.305025
0x1ba0 ,21.500618
0x4f28 ,34.37844
0xa6d1 ,20.75491
0x7b2c ,29.864544
0x4d2a ,13.501022
0x6ab1 ,47.023224
0x13b0 ,34.902496
0x78d5 ,21.032713
0x263a ,20.439518
0x89b3 ,29.300205
0x7400 ,23.216118
0x9219 ,34.37844
0xb9a7 ,34.441284
0x7ba0 ,19.78746
0x826e ,37.911526
0x7b5f ,21.995058
0x736f ,38.28015
0x7505 ,18.92431
0x6c83 ,20.112587
0x62f5 ,27.621065
0x918d ,26.50878
0xcc33 ,22.047857
0x83bb ,22.523273
0xd749 ,20.226482
0x249f ,24.727137
0xce0c ,34.59564
0x7eaf ,14.759555
0x36e0 ,23.291136
0x42e5 ,30.563871
0x3d85 ,16.125168
0x93f0 ,36.075203
0x5ae7 ,29.349314
0xcfec ,35.85925
0x69c0 ,26.058376
0x5d08 ,29.424765
0x46d6 ,27.952335
0x511d ,19.77857
0x3c96 ,19.997967
0x5810 ,41.071518
0x9c84 ,45.164257
0x54b2 ,36.338745
0x97e1 ,22.943325
0x2bfe ,24.991016
0x6cb7 ,31.9242
0xb54 ,28.827063
0x1ff6 ,21.011612
0x4177 ,33.704025
0x73de ,25.832998
0x3a9e ,26.16362
0xb0d5 ,17.277805
0x6ca6 ,34.539734
0xcbe5 ,22.16532
0x1899 ,21.11679
0x4f25 ,17.542145
0x5b5d ,18.38318
0x17ca ,27.711563
0x1a53 ,20.668034
0x64df ,22.986013
0x4d44 ,16.574745
0x80e2 ,34.770626
0x1de3 ,26.111706
0xb50a ,22.12312
0x345b ,26.40644
0x6790 ,20.937384
0x82ae ,30.500498
0xcf30 ,15.741148
0xbec9 ,34.39383
0x36ba ,33.067562
0xb465 ,17.387499
0x82ab ,25.668095
0xdf6e ,21.275408
0xb0d6 ,21.25488
0xd1e9 ,34.805172
0x4eac ,18.570013
0xb4e9 ,21.504967
0xd773 ,43.356316
0x3c67 ,22.986013
0x7946 ,32.322575
0x24cf ,33.464066
0x20d1 ,26.03286
0x504d ,26.094465
0xb23c ,14.743098
0x907f ,29.963816
0xc87b ,25.079908
0x2436 ,38.313118
0x410a ,14.997061
0x26d7 ,14.407611
0x6d12 ,15.04965
0x70e3 ,22.39916
0x7ee2 ,24.913225
0xa9ac ,25.5524
0x3139 ,21.90564
0x4d74 ,15.731309
0xe12d ,17.031431
0xcdc2 ,23.101797
0x4594 ,39.156246
0xb3c3 ,27.309458
0x1337 ,21.951426
0x4b98 ,14.0804
0x7130 ,34.70736
0xcbef ,24.030777
0x4866 ,31.916616
0x2093 ,32.149857
0x20ab ,23.289303
0x7e75 ,21.9232
0x8b85 ,45.19197
0x4fb2 ,24.962124
0x2526 ,22.596695
0xcff6 ,22.492596
0xd29a ,14.886085
0x274e ,26.36458
0x6573 ,16.632912
0xe113 ,21.260017
0xcc2 ,36.46375
0xa959 ,34.59564
0x7fa3 ,36.54869
0xda96 ,18.38294
0xdf2f ,46.366737
0x4cd4 ,24.597357
0xb438 ,23.141575
0xdc61 ,37.08145
0xbc14 ,34.991356
0x66db ,38.168438
0x5b51 ,26.202816
0x7428 ,16.224468
0x8faa ,25.749573
0x8261 ,15.7620535
0xbe34 ,31.608353
0x9337 ,36.165592
0xb064 ,29.481298
0x8109 ,41.15261
0x3e3f ,24.720753
0x7959 ,23.467518
0x6663 ,20.244658
0xa279 ,17.206541
0x89c8 ,32.809803
0xae68 ,26.68276
0x6ac5 ,33.754837
0x7786 ,17.924925
0x6e80 ,34.39383
0x5845 ,14.278715
0xa093 ,15.576458
0xc670 ,34.37844
0xaccd ,45.84929
0x751c ,17.677753
0xe14e ,32.012436
0xdedb ,24.025743
0xaf7c ,20.411255
0x720f ,23.599827
0xf12 ,23.437723
0x7cdd ,21.989225
0x72e9 ,30.31233
0x8e8f ,23.313437
0x7f03 ,20.245733
0x8898 ,35.000294
0xbe72 ,21.878147
0xdb92 ,44.411724
0x4733 ,14.798839
0x5158 ,44.357376
0xa1c6 ,15.588655
0xf17 ,17.630829
0x9d98 ,21.850483
0xa466 ,28.572437
0x900b ,22.345686
0x9061 ,26.42191
0xc9f5 ,22.068884
0x8bcb ,32.30695
0x888b ,21.468838
0xb9e7 ,46.23626
0xc3df ,34.51972
0x860b ,17.208027
0x7d45 ,16.884668
0x6b92 ,30.209623
0xcc56 ,39.361103
0x68e5 ,20.955889
0x98eb ,40.115917
0x59eb ,38.909065
0x23ea ,23.907354
0xa620 ,46.854733
0x2f18 ,37.54543
0x2084 ,27.80803
0x7c14 ,27.058638
0xdbff ,29.503647
0xbf74 ,24.586023
0x7e39 ,23.305025
0x658f ,34.380314
0x394f ,25.743114
0xe064 ,22.286303
0x2b77 ,17.878956
0xd4e9 ,15.073652
0x9eae ,39.304108
0x665d ,44.264736
0x6dc0 ,23.014233
0x72bf ,23.21782
0x981f ,19.97142
0xaeed ,34.019913
0x7eba ,28.957792
0x625a ,47.927547
0xdad3 ,33.74724
0x3beb ,21.228384
0x8823 ,16.160099
0x3a31 ,14.873907
0x6aeb ,24.648542
0xe91 ,30.095375
0xe1d4 ,30.83418
0xce34 ,40.6918
0xa11d ,23.427092
0xbcdd ,23.097765
0xa356 ,34.371483
0x8baf ,19.003212
0x1a24 ,31.608353
0x951b ,27.256775
0x8857 ,30.09984
0x6774 ,22.318628
0xd028 ,33.201733
0xa38f ,23.44485
0x6a20 ,19.513388
0x25da ,26.185507
0x9f8f ,39.361103
0x50b5 ,21.42513
0x13e7 ,24.617628
0xb77f ,27.055182
0xa9db ,34.604946
0x2bd2 ,25.640665
0x27d7 ,13.837308
0x5d39 ,21.909357
0xcad5 ,27.677826
0x2a37 ,39.296093
0xdde1 ,20.735125
0x47db ,19.601213
0xd95f ,29.300205
0xcb33 ,26.452324
0xb957 ,47.46853
0x8c37 ,21.979774
0xc74f ,23.312977
0xda63 ,37.58946
0x7b8b ,23.899258
0x9793 ,30.49821
0x9f82 ,30.921492
0xb9dd ,26.023441
0xc6f6 ,28.231897
0xc8fc ,20.724163
0x6d51 ,22.616
0x4e53 ,22.761423
0xe069 ,18.353409
0x2733 ,22.034166
0x1b3f ,21.445374
0x1501 ,29.833258
0xdb48 ,24.865667
0xdf11 ,33.308964
0xa4fe ,26.05282
0x76c7 ,40.664658
0x2f31 ,24.122952
0xf4b ,20.082241
0x3d01 ,34.73856
0xb3fc ,32.14274
0x5b53 ,20.566122
0x6423 ,31.9242
0x797c ,21.566435
0x9971 ,23.89154
0xa80c ,24.584175
0x919e ,38.556286
0x4bb6 ,22.788774
0x2a36 ,29.865528
0x85c2 ,32.81196
0x8268 ,31.645515
0xc3f ,37.672386
0x7edd ,28.847996
0x9f96 ,26.895895
0xdfd7 ,21.82733
0x6cb2 ,34.545788
0x4b4b ,36.49032
0x6a4a ,35.527905
0x2d58 ,22.035885
0x5e99 ,38.909065
0x57f7 ,16.533812
0xd329 ,40.416927
0x8cff ,30.204226
0xcbaa ,19.152887
0x8f7e ,23.2612
0xbea6 ,35.236565
0x14e2 ,20.964489
0x1cbd ,29.976122
0x1281 ,22.920124
0x5155 ,15.772367
0x4f4f ,21.956078
0x4cad ,38.202873
0xae55 ,35.866295
0x11bd ,18.444845
0xba85 ,42.477627
0x12be ,15.763715
0x3966 ,28.866241
0x4ce6 ,22.920124
0xe062 ,15.924194
0xd7ab ,26.718138
0xa315 ,26.348557
0x44e9 ,21.977396
0xab56 ,16.999563
0x728e ,23.322243
0x66ca ,23.388037
0xcffc ,28.143196
0xb7b7 ,22.396955
0x96db ,23.337006
0x9c08 ,36.57729
0x4dbe ,16.724426
0x6e65 ,41.71423
0xf33 ,31.020544
0xe243 ,40.501156
0xb740 ,36.443897
0x6710 ,22.971764
0xabf ,29.917595
0x29f0 ,23.451975
0xd104 ,23.616598
0x4814 ,34.26521
0x1570 ,18.52541
0xb45e ,36.96646
0x1095 ,19.513388
0x2133 ,38.313118
0x6cd8 ,26.54163
0x82d9 ,34.78073
0x5451 ,19.100286
0x19a7 ,17.235622
0x284a ,39.68052
0x31e3 ,44.30061
0xa262 ,26.733034
0xce41 ,16.68134
0x59ac ,38.06965
0x3537 ,22.00388
0x186d ,31.9242
0xd730 ,34.00662
0x3c99 ,38.339806
0xc16e ,36.405376
0xa440 ,22.007294
0x8467 ,21.266247
0xb73f ,22.357277
0x8d8f ,10.981163
0xdd98 ,26.246527
0x4b6e ,15.248436
0x7f53 ,19.062386
0x18fa ,14.7628565
0x96f8 ,25.058714
0xa747 ,37.426212
0x9743 ,20.89875
0x8f77 ,20.77559
0xd67b ,25.778782
0xa230 ,22.023027
0x5b34 ,24.612759
0x6543 ,23.182076
0x935a ,22.257406
0xba55 ,15.880423
0x1989 ,42.678997
0xbc2d ,23.513008
0x7307 ,27.990873
0xb7e7 ,27.26443
0xddce ,17.801529
0x8596 ,21.91611
0xa71a ,28.197117
0x4805 ,28.701385
0x395d ,28.641504
0x61e6 ,36.338745
0x52a8 ,22.387484
0xcc15 ,15.743323
0xa89d ,22.370226
0xe3c ,24.020683
0xbc7b ,19.05916
0xb704 ,34.468708
0x2f92 ,28.225538
0xbece ,21.536068
0x6891 ,19.001339
0x6e91 ,38.202873
0x7683 ,23.625858
0x79d0 ,33.811314
0x63ec ,41.494778
0x5c95 ,30.944012
0xac26 ,17.44066
0xa91d ,23.51811
0x66f2 ,26.090702
0xc429 ,33.770584
0x1625 ,35.515045
0xbac5 ,33.22449
0x22f6 ,21.55603
0xe0ae ,16.10265
0x5734 ,16.718779
0x2d88 ,31.194765
0x39a5 ,22.108484
0xb8e5 ,35.10908
0x3ed3 ,30.176931
0xd207 ,18.135773
0x50bf ,22.044083
0x4f15 ,18.206648
0xa4c8 ,24.20701
0x754c ,34.84521
0x691c ,22.93863
0xf90 ,34.439003
0xb604 ,23.44485
0xd84f ,26.84809
0xc0ee ,21.703382
0xd5f0 ,18.585123
0xc17a ,34.719643
0x92f3 ,23.131153
0xaee9 ,22.264349
0x9775 ,33.5828
0x90c2 ,26.105564
0x7818 ,24.513588
0x1483 ,36.398594
0xdf59 ,23.357222
0xa0e ,18.831835
0xcf79 ,14.1144285
0x63b1 ,41.170532
0x373d ,39.91931
0xba9 ,21.96954
0x3b40 ,28.23566
0x7e74 ,35.133846
0x7854 ,20.061844
0x3fe4 ,34.925014
0x87e8 ,42.68755
0x9a50 ,21.71107
0xbbff ,15.92183
0x1d84 ,31.574055
0x7768 ,37.991722
0x158f ,30.391611
0x8cea ,19.492687
0x28cc ,21.65587
0xa57c ,30.927385
0x1f7f ,21.51318
0x70ad ,23.276009
0x342a ,19.034584
0xabbf ,37.31447
0xc72e ,21.048962
0xf22 ,21.558228
0x46d5 ,20.933647
0xab04 ,20.211317
0x9ec5 ,14.34352
0xb167 ,14.080309
0xda1e ,33.12752
0xc3f4 ,22.510332
0x17f6 ,26.125385
0x8a2e ,27.357407
0xd4e1 ,28.71586
0x27b7 ,37.489105
0x3648 ,22.524803
0xa1da ,19.152887
0x2cd5 ,18.768585
0x5c5b ,23.331902
0x2634 ,16.203102
0xdb71 ,32.610104
0x36fb ,31.102034
0x45be ,31.005154
0x343c ,26.874949
0x1201 ,26.140701
0xc88a ,23.524576
0x51a2 ,24.763746
0x35dc ,14.985161
0x3a73 ,25.68409
0x9a25 ,22.35084
0x7d51 ,28.623537
0x6e53 ,14.718536
0xa399 ,37.64101
0x228d ,37.23764
0x9e6a ,22.133673
0x3483 ,37.01831
0x1f03 ,34.003353
0x11f5 ,24.79366
0x1c67 ,24.11576
0x669c ,36.23284
0x65ba ,28.93981
0xa632 ,25.76074
0x44b7 ,50.23702
0xdec ,25.238913
0x963f ,15.974365
0xa3b9 ,22.372635
0x4d84 ,44.547955
0x975e ,17.399633
0x99d1 ,17.387499
0x46cc ,34.805172
0x2b15 ,23.227451
0x6d48 ,24.240839
0x2b71 ,22.193111
0xcd47 ,39.40652
0x3691 ,28.049068
0x891e ,25.654465
0x7d0 ,38.313118
0x6f68 ,16.10265
0x9576 ,26.612396
0x2a06 ,24.030777
0xcb11 ,38.69268
0x6010 ,37.618137
0x713f ,23.930603
0x5c8a ,32.691063
0x38a9 ,19.022963
0x2dd7 ,27.190044
0x8e8c ,36.167305
0x24d2 ,23.99648
0x1a01 ,23.428926
0xc751 ,15.641356
0x4312 ,21.099253
0xd1c1 ,24.897835
0x2941 ,27.124475
0x2d9a ,32.76693
0xa4b4 ,13.51805
0x4119 ,18.972727
0x74e3 ,30.114767
0x7a5e ,22.525347
0xd790 ,33.71496
0x5131 ,21.173038
0x5dc8 ,34.483837
0x1fd0 ,23.337006
0x65e5 ,36.27244
0xd5b9 ,28.71586
0x49a5 ,21.279737
0x981c ,14.817593
0xa380 ,24.263391
0x5d10 ,17.925196
0xaa64 ,37.348957
0x87e7 ,44.22915
0x88e3 ,20.768862
0x6e2d ,13.609474
0x2d74 ,44.241703
0xda6e ,30.517956
0x6f60 ,39.91931
0x255d ,23.280596
0x3072 ,26.363947
0x197a ,33.378605
0x826b ,26.044838
0x1234 ,15.598289
0xa4d0 ,23.318558
0x61b5 ,23.305025
0x971b ,24.962124
0x8f90 ,22.086428
0xc74c ,19.959095
0x98f0 ,38.127445
0xdb52 ,33.704025
0xb06 ,16.244452
0x3927 ,14.099739
0x826a ,20.311165
0x2ed9 ,37.01831
0x4e95 ,21.543324
0x1a93 ,38.8761
0x6fd4 ,15.765333
0x7ffb ,19.502384
0x49ac ,18.169737
0x6f58 ,23.329779
0xb308 ,30.927385
0x7e52 ,22.332666
0xcf19 ,37.825024
0x8cb9 ,23.310017
0x359c ,36.494335
0x3fce ,23.57705
0x7be1 ,18.936995
0x56c4 ,22.048851
0xda93 ,30.05673
0xc350 ,17.470636
0xe1d2 ,31.052126
0x63d8 ,17.27368
0xf72 ,23.322243
0xa521 ,21.475445
0xc2a1 ,13.37474
0x8afc ,25.805035
0xdd3d ,38.99811
0x2e2c ,18.212051
0xc9a4 ,17.332638
0x6bfd ,21.987818
0x24bc ,23.097765
0x65ad ,22.139545
0xa9fb ,36.317112
0xd2cb ,16.873892
0x371e ,23.460241
0x512c ,23.010197
0xa33c ,27.9033
0xd523 ,25.839077
0x650f ,14.7471485
0x2055 ,17.35233
0x67a8 ,18.041864
0x284d ,16.768936
0x655b ,17.719507
0xba8e ,23.502073
0xc24e ,19.586805
0x3374 ,26.720465
0xb82b ,17.382092
0xd28a ,36.275814
0xd5b7 ,21.420618
0x4e2b ,26.129946
0x749f ,20.407415
0xb777 ,49.682377
0x764d ,39.9951
0xaeae ,23.144226
0x8849 ,42.14145
0x6fff ,46.933655
0x352a ,38.84863
0x2709 ,21.600014
0x4064 ,25.777454
0xd53a ,21.951159
0xd770 ,22.906204
0xc859 ,15.532995
0x8f5a ,36.049496
0xc8e2 ,29.287989
0xd148 ,42.68613
0x1b2a ,26.363947
0x7274 ,29.337715
0x9d55 ,26.295109
0xdce8 ,35.489918
0x56db ,24.014666
0xc839 ,20.947075
0x1cc6 ,38.00839
0x17b6 ,18.769411
0xd6c3 ,27.321293
0xaa39 ,34.019913
0x3d96 ,17.72058
0x9de0 ,25.495321
0x39fa ,22.963179
0x94f5 ,22.396154
0x72f2 ,25.666851
0x359f ,24.057621
0x4684 ,26.084515
0x3548 ,33.754234
0x7f41 ,34.892265
0xb41f ,29.144974
0x5be9 ,46.467697
0x4881 ,15.585997
0xd656 ,15.648346
0xbaec ,44.122234
0x3a9d ,36.71448
0x4739 ,17.06523
0xd8ba ,23.407593
0xdb8c ,13.259321
0xbae7 ,34.52594
0x4692 ,34.23406
0x9a54 ,17.515574
0x70b6 ,38.313118
0x8dc5 ,23.12732
0xdebd ,19.459948
0x1229 ,16.56383
0x97fe ,29.864544
0x2749 ,44.22915
0x9c1b ,34.521587
0x5683 ,32.07561
0x73a1 ,37.101246
0x770 ,26.111538
0x2121 ,19.831919
0xdc87 ,35.127308
0xfbe ,52.735783
0xdf1 ,30.123695
0x4df8 ,21.34494
0xb93b ,16.68134
0xaa03 ,25.823689
0x7aaf ,34.101913
0x83b2 ,45.39009
0x932b ,32.810997
0x71f9 ,21.591627
0x3960 ,35.433727
0xb632 ,26.390038
0xac80 ,25.131926
0x688f ,31.93959
0x1e09 ,37.987732
0x949f ,26.348557
0xdbfb ,22.515165
0x8980 ,21.724586
0x572d ,27.026234
0x5ae9 ,40.914036
0x95db ,39.361103
0x1be8 ,17.58596
0x2d18 ,28.541204
0x4766 ,22.338943
0xd98e ,22.893686
0x964a ,16.287931
0xa1c5 ,30.292393
0x5d90 ,22.915905
0xc90c ,21.433222
0x36d0 ,39.347206
0xa74c ,15.851567
0xa0a2 ,34.73006
0x3cf3 ,21.92638
0x837d ,37.93989
0x9b3e ,22.423634
0x29d5 ,21.111187
0x452b ,28.552053
0x9c66 ,21.786776
0xa988 ,17.049559
0xdb25 ,17.572954
0x23ec ,23.013205
0x195b ,25.642914
0x64b3 ,20.37419
0x8a0b ,27.333963
0xad07 ,20.372442
0xc730 ,39.244884
0x4db5 ,23.056658
0xfc3 ,40.991966
0x377b ,36.771996
0xcd7b ,26.117664
0x7ead ,23.437902
0x2caa ,24.666718
0x6f37 ,13.056809
0xcc42 ,25.009258
0xc628 ,39.50144
0xa6c9 ,25.235163
0x7ff9 ,38.909065
0xbb0d ,19.268011
0x9c89 ,23.730978
0xcf85 ,25.391462
0x4129 ,27.13971
0x60b7 ,21.461105
0x2b24 ,14.128661
0x89b4 ,15.06945
0xd985 ,10.272537
0x3179 ,26.325846
0xa9fa ,39.91809
0x3268 ,20.605251
0xdcae ,30.689991
0xb536 ,15.742864
0x8702 ,25.080166
0x1702 ,37.682617
0x6996 ,14.578451
0x1457 ,15.211914
0x15c1 ,29.146885
0xaaa6 ,24.521482
0x712b ,21.978373
0x7e3f ,15.590419
0x20eb ,38.353096
0x2a60 ,36.36645
0xdd7f ,44.697273
0x9cda ,37.934616
0x4ece ,29.842192
0xad9e ,21.492998
0x8680 ,28.592232
0xd84c ,22.705332
0x593f ,25.84456
0xdd90 ,35.005013
0xdfd5 ,23.219894
0xb583 ,24.122952
0x3980 ,30.446892
0xdc5c ,19.455984
0x98b1 ,26.185507
0x3ddb ,36.89951
0xe174 ,27.87949
0x1b06 ,35.10401
0xb311 ,19.880295
0x1843 ,23.003736
0x7d9c ,24.534
0xcb41 ,36.28191
0x907b ,23.360086
0xcfd9 ,38.202873
0x8a59 ,34.069595
0x140a ,43.830826
0x6e43 ,26.283472
0x62dc ,18.74129
0xa97c ,38.645897
0xe11d ,29.485296
0xdf1b ,22.660807
0xfb0 ,30.978773
0x5b83 ,25.775934
0x950a ,36.422314
0xbeb0 ,15.57192
0x3dff ,33.712505
0x738d ,22.001045
0x5b58 ,22.72924
0xa9e9 ,16.34955
0xb760 ,36.42986
0xd3a1 ,22.050282
0x5fb7 ,23.372208
0x9662 ,17.703583
0x89d9 ,38.570305
0x9d49 ,23.21381
0x733a ,32.621452
0x2c2f ,24.910273
0x2d80 ,17.387499
0x52a1 ,17.801062
0xcfa1 ,46.197376
0xb11a ,26.348557
0xd9a4 ,21.679487
0xdba8 ,24.055494
0x70df ,43.36708
0x7d3d ,15.875395
0x51ac ,35.18673
0x8067 ,38.86107
0xc1e3 ,23.300768
0x6bf1 ,21.44566
0x4aa0 ,19.479162
0x6ff6 ,22.241758
0x16f7 ,21.983648
0xa265 ,34.30482
0x6293 ,42.70048
0xa295 ,20.487888
0x6601 ,29.421398
0x4e22 ,16.103191
0x2ceb ,33.9265
0x59d2 ,29.522646
0xce00 ,19.77857
0x69dd ,22.01155
0x1197 ,29.909037
0x6bd ,19.929083
0x7098 ,29.15706
0x999c ,21.905294
0x8390 ,34.39383
0x4e1f ,24.058058
0x5d23 ,25.698662
0xe261 ,16.203102
0x8f50 ,22.938686
0x9670 ,22.31972
0x84a4 ,21.094025
0xe1a2 ,42.269985
0x1cde ,37.63047
0x3bad ,28.721151
0x6478 ,15.633049
0x91b4 ,29.171072
0x8932 ,24.897835
0x2a08 ,17.871355
0xb30 ,21.268517
0x9604 ,34.371483
0x28e4 ,20.72616
0x9aa3 ,46.673813
0x2108 ,24.289988
0x9fb8 ,22.020067
0x5ad8 ,27.172722
0xb700 ,21.951681
0xbfe6 ,16.487932
0x5cc9 ,21.30577
0x2b4d ,18.320044
0x9fe ,39.60709
0x70d8 ,28.868547
0x9801 ,22.765787
0x7415 ,22.24647
0x1cdc ,18.726814
0x3770 ,30.453217
0xc3ae ,19.066969
0x6331 ,22.692003
0x979f ,27.111458
0xb4cf ,22.257162
0x490f ,14.502805
0x8391 ,18.101887
0xcfb9 ,38.460438
0x42f8 ,18.494839
0xddd4 ,21.605728
0x8858 ,16.755835
0xdc2f ,27.299381
0xb931 ,37.145023
0x95d1 ,24.961708
0xada8 ,16.070635
0xd9fe ,15.78624
0x854d ,16.125952
0x60f3 ,30.825394
0x8965 ,39.419804
0x12bf ,33.700523
0x60f2 ,23.44485
0x90bc ,16.485783
0x9607 ,33.09073
0x8ee7 ,29.629753
0xccd4 ,25.105062
0x39b6 ,20.295774
0x43a1 ,15.69285
0x6758 ,21.990387
0x8bdf ,33.61756
0x24fa ,20.919737
0x8f43 ,25.775934
0x2009 ,36.47057
0xdd6e ,23.043758
0x4517 ,17.257168
0x2e22 ,23.227287
0x4992 ,14.50156
0x43f5 ,30.911995
0xaa56 ,34.2785
0xd0a ,41.264214
0xc5b9 ,26.858892
0x4ca6 ,22.705332
0x65e6 ,17.42527
0x813f ,29.752869
0x8590 ,43.484722
0x93bf ,29.444302
0xa038 ,23.564173
0x2574 ,13.533171
0xcea3 ,21.270376
0x3a4c ,38.204422
0xb9ed ,20.067003
0x64b5 ,22.406336
0x965a ,17.924925
0x8c27 ,24.11994
0x9689 ,19.168203
0x645d ,40.24618
0x30cd ,17.147604
0xa10 ,24.043846
0x83c4 ,22.35087
0x47e3 ,28.92324
0xa4bd ,34.101913
0x9b4b ,22.02302
0x8faf ,27.237923
0xd716 ,16.230629
0xc464 ,15.55625
0xdc68 ,22.023624
0x6047 ,23.082535
0x182b ,15.067799
0x48b8 ,20.411255
0xa4d9 ,22.181152
0x481e ,24.758984
0x3d15 ,17.887
0x82b1 ,23.17736
0x3571 ,22.089901
0x91e0 ,14.758645
0x77d4 ,21.410612
0xd890 ,23.105358
0xa663 ,38.909065
0x5bd4 ,46.575867
0x7129 ,27.77236
0x83e0 ,21.292477
0xaaf4 ,17.874918
0x78a4 ,29.26502
0x3b78 ,29.152416
0xd598 ,18.549437
0xdb6b ,22.90225
0xba15 ,34.535133
0x5642 ,35.062847
0x6bca ,28.559612
0x5373 ,23.291136
0x30d3 ,17.275372
0xd81d ,21.961845
0x1586 ,17.147604
0xb8b8 ,22.029522
0xd894 ,22.550264
0xe20b ,13.902788
0x7b41 ,21.928814
0x3c53 ,21.974987
0xa71f ,19.015417
0x3487 ,29.48128
0x9c6b ,19.746164
0xca69 ,33.492153
0x1a33 ,34.39724
0x8fac ,25.62523
0xce26 ,16.934055
0x7ae2 ,19.514652
0x2150 ,21.367275
0x9f3a ,30.563261
0x2423 ,16.884668
0xcd39 ,26.283472
0xbe0f ,15.793745
0xb22a ,40.343765
0x8e73 ,26.525492
0xa0a7 ,26.384813
0x2498 ,11.571495
0x1a65 ,21.749186
0x10ca ,21.609383
0xdb40 ,16.2491
0x429a ,28.457949
0x3bf6 ,38.909065
0x30ab ,22.406336
0xde2a ,39.403427
0x1fcf ,20.627815
0x5f18 ,23.337006
0x6bd1 ,28.552053
0xc96b ,14.255091
0x793 ,15.024879
0x5541 ,25.405
0x1942 ,32.794453
0x41a7 ,18.116167
0x65d1 ,28.16783
0x4923 ,47.171974
0x492a ,21.520422
0x3f59 ,27.282438
0x9542 ,27.260336
0xbb6d ,24.646894
0x818b ,29.654549
0x3986 ,39.130814
0x74b9 ,38.909065
0x7270 ,37.86485
0x7866 ,16.05349
0x3f02 ,25.79947
0x3b3c ,37.426487
0xb072 ,17.924925
0x9115 ,23.014233
0xa1ea ,33.61756
0xbd57 ,16.70508
0x3fe7 ,23.032427
0xc894 ,24.8589
0x45ce ,23.0571
0x4cf5 ,27.19691
0x75be ,22.49937
0xaf0e ,38.567722
0x3b71 ,23.330816
0x59d6 ,26.361258
0x7744 ,23.668764
0x25bb ,25.484941
0xdb4b ,28.29993
0x7f2d ,16.62777
0x6c0e ,34.47778
0x4d69 ,35.36769
0x3b00 ,21.113417
0x6cb9 ,31.93959
0x5ac5 ,29.99888
0xc766 ,27.192526
0xc973 ,23.732975
0x9835 ,22.02843
0x2aa0 ,15.35217
0x5b09 ,20.061844
0xdfb5 ,20.890009
0x4c62 ,17.209406
0x1e59 ,22.228704
0x439f ,36.031586
0xb06e ,28.24084
0xbb13 ,26.518223
0x8b0d ,33.39799
0x8065 ,20.356472
0x18e1 ,40.5594
0x407b ,30.089977
0xe11 ,23.262836
0xc8ec ,44.81367
0xdc01 ,20.359833
0x65df ,22.466482
0x6998 ,20.082499
0x9184 ,21.570284
0x9b28 ,14.550835
0xcdbb ,26.108
0x78c7 ,21.605728
0x68bd ,23.248312
0x79ec ,23.289303
0x673e ,33.66591
0xd3d2 ,23.058271
0x9d44 ,21.83605
0xe083 ,35.48983
0xdb3d ,36.74661
0x8cc1 ,25.730906
0xc508 ,22.941992
0x40db ,25.621477
0x5d42 ,22.363255
0x4719 ,21.571241
0xc58e ,22.727303
0x24ef ,21.994267
0x8906 ,18.169737
0x7312 ,24.003742
0x7602 ,37.376953
0x7a1c ,23.467518
0x3e77 ,28.666624
0x787 ,44.508797
0xd51c ,34.91045
0xa323 ,37.457973
0x6d64 ,42.919094
0x75e7 ,13.345652
0x26e9 ,19.958187
0x846a ,26.258371
0x65f2 ,24.071869
0x8c9c ,27.06058
0x6358 ,22.937105
0x6416 ,22.941992
0xc23e ,27.971973
0x5e20 ,22.055056
0x52c8 ,37.682617
0x81d8 ,23.89154
0x3fa6 ,34.362946
0x6818 ,22.74897
0x7d26 ,21.373346
0x7d90 ,14.306348
0x7c88 ,26.733034
0x6131 ,26.325687
0xb7c6 ,13.538567
0x1525 ,16.122349
0x9346 ,22.313229
0x69c8 ,35.55879
0x647d ,23.171242
0xd635 ,21.997244
0x5dcb ,23.544582
0x1fc5 ,18.7385
0xd72a ,19.295424
0xafc1 ,21.267036
0x7271 ,20.678804
0xa1fc ,36.365887
0x4b49 ,34.358547
0xd192 ,22.029085
0x40ce ,24.140335
0x376e ,28.719015
0xacf7 ,21.970455
0x4da0 ,24.897835
0x36ee ,37.68154
0x147c ,25.201052
0x87af ,25.608032
0x939a ,24.350021
0x82c0 ,31.9242
0xd89f ,21.524557
0x3116 ,20.95901
0xc2e8 ,31.58358
0x2995 ,37.532055
0x26e8 ,37.43882
0x2c2c ,13.465894
0x2c0f ,26.136084
0x60ac ,45.34982
0x5491 ,17.195654
0xccd8 ,29.2489
0x77b3 ,18.956747
0x92fb ,15.129901
0x4128 ,23.291136
0xc358 ,21.264627
0xf3a ,15.7620535
0x59fa ,21.192995
0xb625 ,15.150971
0x850a ,26.348557
0x7b8a ,26.985317
0x3aed ,22.163078
0x1f31 ,38.937916
0xcd88 ,16.070597
0x269e ,24.73247
0xd277 ,27.560764
0x38fa ,38.67231
0x7d8e ,25.734837
0x53e5 ,16.313456
0xd6a5 ,22.782003
0x3f7f ,37.83311
0x57bd ,21.59027
0x55d4 ,39.009735
0x3270 ,15.239126
0xab70 ,35.074184
0x748f ,27.17135
0xb61e ,23.113657
0x720d ,26.745152
0xab01 ,23.57033
0x17a7 ,24.8611
0x1d0b ,24.497387
0xad45 ,19.219511
0x2d49 ,23.085825
0xcdbe ,34.699986
0x525a ,50.066704
0x657 ,13.069053
0x8c0d ,22.095875
0x1975 ,22.916037
0x355e ,17.463842
0x573e ,45.74172
0x19a3 ,18.501532
0xaee2 ,35.97739
0x68ee ,26.07082
0x573f ,13.72527
0x6c8f ,23.488125
0x1d3b ,23.915316
0x6dd1 ,40.27774
0x4dca ,23.472734
0xa5ef ,19.91527
0x4ca7 ,20.288082
0xe050 ,33.11259
0x7c59 ,26.170862
0x3cc6 ,16.146643
0x38bc ,16.096424
0x367d ,15.115007
0xb649 ,19.543407
0xbafc ,23.024452
0xc333 ,23.395592
0xcbba ,15.35217
0xc5ec ,28.41183
0x849 ,27.917019
0xaf23 ,22.292168
0x8b02 ,23.221306
0x697e ,32.071693
0x6ae4 ,16.212816
0x5117 ,19.889011
0x462a ,24.122211
0x6126 ,42.083122
0xac98 ,16.62777
0x4fa4 ,25.521341
0xa1ef ,23.310017
0x83df ,20.155235
0xe03b ,23.118477
0xa8c2 ,21.968914
0x985f ,21.284637
0x8e96 ,14.451667
0x146e ,25.44101
0x88ae ,22.005894
0x3606 ,19.01694
0x9e0a ,28.538021
0x6e3d ,26.480848
0x796 ,22.135712
0x308d ,18.418327
0x8887 ,20.700674
0x1c97 ,27.621065
0xc79e ,14.036515
0x7cbb ,22.28001
0x1303 ,14.727985
0x4649 ,33.623974
0x86b2 ,22.015217
0x783c ,32.52811
0x8ddd ,25.635105
0xce64 ,19.27877
0xa282 ,21.71782
0xc63f ,28.559612
0x400f ,32.36729
0x3368 ,36.49923
0x9c3e ,17.428036
0x85ff ,18.974709
0x1de5 ,21.066362
0x93a0 ,22.705332
0xc3d ,38.347637
0x3b76 ,40.353466
0xa8a ,27.067389
0xc2bd ,24.17777
0x92bf ,23.135065
0x4074 ,15.45685
0x220c ,21.166885
0xdc0f ,23.373241
0x2b2e ,38.313118
0x7f5d ,22.845842
0x7a46 ,32.087082
0x1bbc ,18.103672
0x6d00 ,23.201733
0xf98 ,14.141797
0x58ee ,20.085518
0x5f32 ,21.95024
0xa4ea ,22.551342
0x6c51 ,49.934196
0xbfae ,17.428036
0x71d3 ,31.190432
0xd134 ,25.83499
0x37c2 ,38.060608
0x7244 ,17.44066
0xb61c ,23.44485
0x42f9 ,31.845304
0xc87f ,18.258488
0x69c1 ,22.380983
0x4887 ,29.483393
0x23b9 ,16.755835
0x7019 ,26.976412
0xa601 ,15.027036
0xc954 ,21.628056
0xaecd ,27.348654
0x8a93 ,22.225569
0x2e65 ,30.089977
0xbf3 ,21.991371
0xe09a ,34.64015
0xdd47 ,47.063168
0x184e ,26.856058
0xaa38 ,24.936308
0x285b ,23.373034
0x1e48 ,28.144901
0xa94f ,23.305025
0x72d5 ,15.861162
0x9b65 ,29.919077
0xdbd8 ,22.212772
0xb5d8 ,40.876076
0x5343 ,38.332848
0x3f57 ,23.523869
0x9222 ,37.01502
0x2e96 ,22.363695
0x254e ,23.544582
0x3e8a ,38.313118
0x6d0f ,37.54989
0x3de8 ,41.07283
0x58be ,24.63417
0x6899 ,24.631256
0xca3a ,39.770542
0xc6d7 ,35.484238
0x6c1f ,21.228384
0xa4ec ,23.144226
0x7e76 ,21.87577
0x435f ,19.455162
0xaa59 ,26.363947
0x963e ,30.978773
0x574b ,21.433222
0xbfe1 ,37.729538
0xb97d ,23.289825
0x8f2d ,26.13619
0xc0f4 ,25.135855
0x9954 ,22.048752
0x7a76 ,14.837291
0xce20 ,15.698565
0x3fae ,20.394514
0x1fc0 ,23.44485
0x4ec6 ,30.47482
0x8747 ,35.9141
0xd9de ,28.654987
0x2541 ,39.308186
0x6bf0 ,12.243427
0xa27e ,44.43864
0x8df9 ,17.430988
0x3629 ,34.39383
0x6c55 ,24.612759
0x8ae5 ,21.896057
0xce60 ,19.006565
0x1c7d ,22.257494
0x3393 ,22.700893
0x9ba9 ,22.191975
0x267e ,44.869255
0x9332 ,23.361452
0x70cb ,17.59959
0x31f6 ,36.379845
0x2a0b ,32.17744
0x85d5 ,24.22615
0x11cb ,46.047424
0x8db7 ,26.993011
0x1c40 ,16.61731
0x4af0 ,15.612843
0xcc9 ,20.803339
0xba9c ,22.045061
0x6268 ,28.636106
0x7e50 ,26.117664
0xdab1 ,19.918055
0xc702 ,20.694277
0xd712 ,42.60395
0x6e3a ,23.5335
0x2e19 ,13.35617
0x420e ,37.442154
0x2289 ,38.202873
0x83c8 ,26.374119
0x9b0c ,15.24762
0x2c8e ,16.047068
0x2506 ,33.394894
0xcef7 ,21.71107
0xd4ee ,25.742996
0xd70c ,24.122952
0xd2cc ,26.348557
0xaa6d ,19.299915
0x4b53 ,25.737373
0x3458 ,33.970455
0x6b38 ,27.107586
0xa9ff ,31.9242
0x5ff2 ,29.303736
0xdd43 ,28.278917
0x4f97 ,34.019913
0xb65a ,23.22922
0x4f32 ,17.330568
0x2e9a ,40.395393
0x4f9e ,28.524954
0xcaeb ,21.925425
0x15cc ,23.939445
0x9850 ,20.082499
0x50ac ,41.13636
0x7171 ,38.06965
0x93eb ,24.913902
0x39ea ,23.043758
0xa87b ,25.210722
0x5253 ,24.727137
0x5e9c ,26.077621
0x34fe ,21.401323
0xad63 ,39.40488
0xb9bd ,33.52734
0x9a6c ,26.850931
0xeec ,16.44108
0xca4e ,23.714607
0xd435 ,40.30014
0x6cdd ,24.666718
0xd833 ,40.93549
0xbfd8 ,21.173038
0x853f ,28.1838
0xb378 ,33.06021
0x4777 ,22.798832
0x7ca6 ,23.196484
0x2a26 ,42.21376
0x91d1 ,15.562777
0xd38f ,34.088768
0x4b29 ,24.693874
0xb266 ,26.283472
0xb422 ,26.363947
0x5077 ,13.21274
0x8937 ,21.327827
0x1263 ,37.760303
0x8c11 ,29.524326
0xc208 ,33.833775
0xbe35 ,22.531403
0x7d9a ,22.828854
0x3ea7 ,32.80049
0xb1e2 ,22.906204
0x57c0 ,34.210403
0x6283 ,44.829975
0xc40c ,15.704317
0x4e42 ,27.408052
0xa51b ,36.49923
0x86bc ,26.927954
0x3fb3 ,35.969296
0xc621 ,33.16155
0xabe9 ,28.350828
0xb4df ,43.39424
0xcd4f ,25.995209
0xce8c ,35.0605
0x9f70 ,27.566526
0xa3b7 ,26.130798
0xc313 ,36.42851
0x8f6b ,21.93027
0x9360 ,23.336412
0xa2d6 ,27.068733
0x547d ,42.584347
0x752b ,26.023714
0x2ba4 ,34.696575
0x28ee ,22.728174
0x8a28 ,22.31972
0x6a64 ,32.68014
0x1de8 ,16.050692
0x47ba ,38.023712
0x2a63 ,26.341778
0x3840 ,22.048695
0xa84a ,33.96296
0xe239 ,30.464716
0x7e82 ,39.16285
0x5e3f ,30.22172
0xa8f5 ,18.961102
0x2429 ,30.390234
0xd378 ,27.775108
0x36aa ,38.346836
0x96c0 ,18.368683
0x3362 ,13.313356
0x43fc ,25.184412
0x4f11 ,21.594297
0x10d4 ,34.287346
0xd758 ,23.579306
0x204a ,21.96539
0x8579 ,36.275814
0xad6c ,23.211409
0x83d4 ,23.138664
0x9a36 ,35.310257
0x44d9 ,24.943594
0x6c63 ,21.348017
0x25a0 ,27.055182
0x3bc4 ,24.996386
0xba6b ,27.247477
0xaf41 ,14.775147
0xd75 ,27.418594
0xc3cb ,20.723024
0x4da2 ,21.004923
0xda17 ,41.118484
0xa211 ,44.174484
0x6516 ,20.475882
0x3309 ,27.728703
0xce78 ,26.154827
0x73dc ,41.95694
0x6882 ,23.002104
0xe252 ,30.935678
0xda86 ,23.659765
0x5355 ,22.555534
0x5d25 ,34.78073
0x45af ,24.674871
0xced5 ,27.850206
0x576b ,22.590742
0x2bcc ,29.695898
0xe09e ,37.33759
0xace0 ,21.243002
0x4483 ,23.373241
0x990a ,36.555843
0x4be6 ,23.376865
0xb90a ,19.313765
0x4ee8 ,15.57192
0x7154 ,21.495935
0x7ff2 ,26.476112
0x93fe ,16.718458
0x2cf0 ,29.396221
0x7fe8 ,23.365133
0x1f0c ,34.143555
0x263c ,37.674965
0x72a9 ,19.17409
0xafff ,24.195444
0xc310 ,44.43864
0xabb6 ,21.266483
0x82c5 ,15.81441
0x9e4b ,15.6625395
0xa446 ,22.388613
0x261b ,16.14313
0x7cc8 ,16.844698
0x31cf ,36.53041
0x2416 ,24.825008
0x734f ,21.825306
0x81a9 ,22.081493
0x90a4 ,19.146263
0x62a9 ,27.00948
0xaf83 ,26.227324
0x9026 ,17.928883
0x12fd ,18.748466
0x8f21 ,30.230455
0x84dd ,28.60823
0xdf03 ,15.2597
0xa386 ,25.318798
0x30c9 ,21.410612
0x417f ,27.026234
0x7b9b ,35.07115
0xa18d ,30.269066
0x8877 ,17.20003
0x9b7a ,24.866215
0xcd64 ,38.38458
0x3d8f ,20.875011
0xb0f9 ,24.083693
0x86b6 ,25.438824
0x98fe ,21.263523
0x612c ,38.8761
0x68fd ,34.538433
0xde77 ,18.827265
0x49e2 ,26.348557
0xd297 ,19.405846
0x3e8d ,24.708223
0x54e9 ,34.511562
0x6853 ,21.243002
0xd653 ,16.203367
0x19b6 ,21.12099
0x6b0e ,14.261979
0xcf8d ,26.203657
0x795c ,23.217035
0x1207 ,23.081038
0x7117 ,14.070115
0x7daf ,25.825214
0xc356 ,21.46786
0x638a ,36.541283
0x91f0 ,19.442001
0x7708 ,23.200191
0x5b3e ,39.296368
0x6ad0 ,32.82206
0x77ab ,38.803467
0x3f3e ,29.630625
0x7938 ,23.428926
0xde1b ,23.32678
0xaa04 ,26.185507
0x2025 ,16.035486
0x4c3f ,16.103846
0x8587 ,36.670826
0xce36 ,17.430988
0xe026 ,23.755564
0x1a1b ,15.645991
0x30b2 ,21.445402
0xa530 ,17.797224
0x9400 ,14.165047
0x6229 ,28.6741
0x6940 ,30.365618
0x3bde ,25.570314
0x4995 ,23.284355
0x21ad ,21.12489
0x46c9 ,10.310977
0xc8f6 ,27.512894
0x46a2 ,22.394663
0xae44 ,25.578722
0x9c56 ,24.765335
0x71b4 ,23.208025
0xa0c4 ,23.502073
0x5d60 ,37.06432
0x9cdc ,36.84387
0x99e1 ,34.184837
0x118d ,20.052212
0x89c0 ,21.227612
0x31d9 ,32.46762
0x2a54 ,16.718458
0x9be7 ,16.68134
0xae73 ,34.628696
0xc999 ,22.548466
0x4c38 ,34.64015
0x12ff ,23.336412
0xca56 ,34.38888
0x99a1 ,14.83238
0xac5e ,14.217666
0x395f ,22.592669
0x5b64 ,27.587526
0x1fd5 ,24.452068
0x1f5b ,33.698112
0xe9d ,15.698565
0xb4b5 ,21.55603
0x1f12 ,34.29152
0x5ecd ,22.476309
0x4d07 ,23.083124
0xae23 ,27.173424
0x9d01 ,44.116394
0x9f53 ,26.005991
0x83ed ,22.303703
0xd3f1 ,19.61239
0x67e6 ,22.31727
0x451f ,22.198032
0xb1c9 ,40.129707
0x495e ,36.01808
0xb205 ,19.354986
0x79c8 ,49.45467
0xbe22 ,23.406548
0xc7a5 ,32.3847
0x9fc3 ,30.318314
0x18e3 ,18.212051
0x3e4f ,25.43728
0x53ca ,13.800301
0x99c4 ,26.985317
0xc4b0 ,22.165762
0xa55c ,12.189176
0x779 ,31.645515
0x5261 ,33.706425
0xb95f ,23.150768
0xbdec ,15.996897
0x7c35 ,15.672908
0x2451 ,24.052685
0xc03a ,17.174135
0x4909 ,21.90564
0x2b7e ,23.455875
0x7025 ,26.885199
0x9ee7 ,19.436388
0xd71 ,23.305387
0xba09 ,27.06053
0xbee6 ,34.628696
0x5330 ,31.040152
0x320a ,31.679813
0x3e90 ,21.046856
0x94f7 ,23.964685
0x31d5 ,23.138664
0xde12 ,19.009342
0x6fd3 ,10.945715
0x69f5 ,21.90564
0x80e6 ,21.509949
0x652d ,29.484179
0x905c ,35.101578
0x35f6 ,19.243824
0x2dfc ,30.219824
0x4cfb ,19.71148
0xa72a ,26.083366
0x6592 ,38.73369
0x423f ,36.907337
0x936c ,26.283035
0x509f ,35.133846
0x75a0 ,21.181128
0x9ec0 ,19.563437
0x79c6 ,23.234135
0x1965 ,23.138664
0xc07e ,25.401083
0xbba3 ,21.397442
0x7d31 ,22.658857
0x8fb0 ,36.812283
0xe36 ,36.357758
0x3257 ,28.864634
0x2512 ,15.878568
0x4584 ,21.235338
0x142d ,26.04807
0xd02c ,36.365433
0xae6a ,24.711746
0x9bc2 ,29.83839
0x62f9 ,22.509874
0xad8c ,14.715731
0x9008 ,26.47003
0x3eed ,23.4283
0x4e4c ,24.367313
0x1704 ,25.23118
0x75f8 ,36.533207
0x2304 ,25.61633
0x3541 ,16.859192
0x2505 ,28.672726
0x2421 ,22.108484
0x57e7 ,23.305025
0xc2f1 ,29.361525
0xce2d ,18.599203
0x2736 ,13.800301
0x708e ,37.101246
0x83d8 ,25.90985
0x4744 ,23.36953
0xb9c ,21.231722
0x8936 ,39.587616
0x177c ,21.406782
0x2c81 ,28.707977
0x5ae1 ,16.033773
0x5061 ,22.525347
0x2d39 ,25.485119
0x2d7e ,28.326284
0x588a ,15.633049
0x1ef6 ,34.4026
0x56d3 ,13.767976
0x5a14 ,16.276121
0x8655 ,25.147669
0x93a4 ,18.055197
0x71e7 ,22.197765
0x95e2 ,17.287727
0x89c1 ,25.244497
0x93b5 ,22.98398
0x2050 ,23.0571
0x5df0 ,22.312613
0x6f65 ,38.609325
0xc236 ,17.97032
0x2aeb ,27.773731
0x5ec7 ,21.955683
0xc809 ,23.445013
0xb334 ,28.739887
0x7750 ,16.209831
0xd079 ,34.6671
0x3fe3 ,24.4893
0x828f ,20.435778
0x7366 ,17.511635
0x9907 ,22.49067
0xb19e ,29.100647
0x6952 ,16.466702
0x510a ,36.389694
0xbeca ,20.473936
0x80f6 ,21.984522
0xb489 ,14.358255
0x83a8 ,26.302269
0x32a0 ,33.185192
0xcef3 ,27.73168
0x21a8 ,20.685898
0xd835 ,21.900394
0x248d ,34.952236
0x4134 ,23.197765
0x5ddd ,23.09996
0x570e ,15.307706
0xa871 ,27.026234
0x54af ,21.958637
0x8557 ,16.402523
0x8909 ,23.18204
0xc75 ,21.266483
0x92a7 ,47.40851
0x32ee ,27.877064
0x73f0 ,16.538755
0x9057 ,23.402765
0x1345 ,16.564535
0x4d0e ,20.363493
0xc98d ,21.733467
0xc4d8 ,35.10908
0xc643 ,14.623669
0x6c5f ,21.844599
0x6a1b ,35.08875
0x6465 ,17.558968
0x1d3a ,15.554556
0xbfab ,15.390606
0x9abe ,19.08318
0xcd17 ,20.160784
0x6b65 ,17.346064
0xc897 ,34.876633
0x3f62 ,26.855465
0x6df2 ,15.267469
0xae2b ,21.397442
0x24cc ,11.781889
0x7c1 ,18.047352
0x7d05 ,19.08768
0xa1df ,16.252954
0x9ae5 ,19.143167
0xd0f1 ,28.661154
0xafb0 ,30.157461
0x5948 ,35.278267
0x846d ,35.538033
0x3c97 ,31.622225
0x2373 ,24.666718
0x9a33 ,14.232582
0xc46a ,18.72015
0x3763 ,22.970623
0x18e5 ,20.042366
0x6f79 ,23.276009
0xcb92 ,42.423256
0x4661 ,22.464413
0x3bac ,23.178907
0x440d ,22.072407
0x2812 ,17.21744
0xa10a ,44.908066
0xaff4 ,25.288057
0xa175 ,23.262836
0xd961 ,38.749077
0x7bee ,36.02646
0x845b ,24.682108
0x4abb ,25.644339
0x16df ,40.226154
0x8f3d ,25.55503
0x8263 ,45.798893
0x2c2b ,16.64133
0x1132 ,14.6955185
0xc4fa ,31.93959
0xd846 ,38.055122
0x9b6a ,18.206648
0x9623 ,22.12827
0x4595 ,22.267221
0xd22 ,20.37419
0x38b7 ,37.58946
0x7778 ,29.484179
0x46eb ,21.994106
0x91e7 ,40.635235
0xc162 ,26.299147
0xf1c ,35.253685
0x549c ,38.039734
0x3885 ,16.574745
0x4dfd ,25.269012
0x95f2 ,26.425205
0x7706 ,23.373241
0x6212 ,22.311813
0x692c ,26.714607
0x30d8 ,41.58133
0xb8db ,26.363947
0xef6 ,40.10163
0xd25e ,20.236881
0xb3fb ,22.951447
0xc1e0 ,14.546228
0x95ba ,40.226154
0x9526 ,33.269512
0x24fe ,27.12805
0xd50f ,25.00395
0xa177 ,20.372442
0xc605 ,28.526976
0x4ba2 ,26.210009
0xcee3 ,26.363947
0x453e ,19.094812
0xd411 ,26.116692
0x7bf7 ,19.054586
0x24e9 ,23.329779
0x941d ,21.942064
0xa7c8 ,18.456465
0xddf1 ,27.232136
0x1adc ,20.725489
0x77eb ,21.266483
0x8bd7 ,22.181152
0x2ae5 ,20.173964
0x2da8 ,38.06965
0xbc30 ,24.027344
0xa00c ,29.69026
0x51a0 ,22.422497
0x292d ,21.266483
0x5f0e ,34.02082
0xd5a1 ,29.303736
0x8b80 ,15.6625395
0x1708 ,13.585899
0x80e7 ,22.062042
0x28f0 ,16.31129
0xb3e5 ,29.465786
0x116d ,37.104504
0x47b1 ,30.433666
0x1ce8 ,16.256874
0x56e1 ,21.923452
0x56d7 ,39.50888
0x5903 ,22.842012
0x13ff ,23.446764
0x7658 ,21.096142
0x26d3 ,27.30926
0x61f3 ,39.291313
0x4365 ,19.091301
0x3fa4 ,22.269901
0x9486 ,36.275814
0x30b8 ,38.633152
0x55a0 ,18.707947
0xe26 ,21.903055
0x9d4e ,48.19464
0x3a80 ,23.223217
0xfa1 ,27.553831
0x21f8 ,41.83429
0x57b1 ,45.747776
0x69eb ,25.532404
0x12a8 ,23.21543
0xe088 ,23.89154
0x7a45 ,27.621065
0x3c86 ,22.778395
0xb151 ,20.660831
0xa1a0 ,24.370827
0xb845 ,30.748745
0x85e3 ,23.329779
0xaf39 ,18.683014
0xc215 ,22.561312
0x36eb ,25.379715
0x692e ,19.991343
0xd8e4 ,35.304085
0x12f2 ,19.055758
0xdfe5 ,15.212888
0x776f ,38.852684
0x2727 ,14.157471
0x6b48 ,23.033949
0x2917 ,17.415964
0xb111 ,38.52271
0xd429 ,28.78045
0xfed ,23.467518
0xdf96 ,15.803051
0xde4b ,27.546364
0xa592 ,19.963085
0x397f ,18.630896
0xc259 ,35.966015
0xa27a ,29.484179
0xbb71 ,21.111423
0x6966 ,34.37844
0xd090 ,23.460241
0xb5ee ,18.895199
0x6e0e ,19.77857
0x7bec ,18.089224
0xdc9c ,18.013779
0x3533 ,19.898085
0x5aef ,26.262102
0x9713 ,39.57506
0x8cb5 ,37.48095
0x3ae9 ,35.236565
0xcf75 ,20.75642
0xd567 ,33.683456
0x3989 ,30.944012
0x1a14 ,23.171444
0xa7e4 ,17.387499
0xba94 ,29.35158
0x13b8 ,24.019001
0xe0d6 ,17.657236
0x585f ,36.287743
0x9750 ,23.392426
0x504f ,23.305025
0x2b8a ,33.30736
0x90c7 ,19.281279
0x89e8 ,22.145554
0x6d88 ,35.186165
0x5eb9 ,37.651646
0x6905 ,45.376633
0x9c1 ,17.430988
0xc2d7 ,23.305025
0xb599 ,38.621876
0x45ec ,23.99837
0x14b9 ,34.39383
0x14ce ,12.961589
0xbb00 ,24.06474
0x3cc2 ,36.231785
0x1df5 ,27.17545
0x98db ,38.909065
0x8d8b ,25.611834
0x9411 ,36.433563
0x5506 ,21.620071
0x85d9 ,20.279884
0xc580 ,26.94599
0x5c45 ,22.159399
0x77e7 ,28.672726
0x7a02 ,23.21543
0x63e5 ,25.592964
0x1efa ,25.290384
0x5d44 ,34.993057
0x6157 ,34.635647
0x7f96 ,38.20752
0xb5b6 ,14.827472
0x8476 ,26.958715
0x702b ,23.223217
0x7f80 ,28.60998
0x13f3 ,20.273743
0x121b ,21.507315
0x343b ,21.927164
0x2817 ,20.656973
0x7c74 ,27.000132
0x512f ,37.556324
0xb063 ,21.140095
0xd577 ,15.763715
0x5bfe ,40.93549
0x3586 ,21.425787
0xfab ,20.202978
0xbeef ,33.300503
0x66ad ,22.935514
0x7abf ,17.173515
0xbe93 ,35.002724
0x9a78 ,36.773758
0x390c ,26.958715
0x4518 ,33.754917
0x3524 ,23.115509
0x7a1b ,25.720564
0x2275 ,16.081598
0x5c11 ,17.381224
0x8b79 ,21.612625
0x3825 ,14.426973
0x27d3 ,35.838863
0xd9e1 ,17.663164
0x8cc5 ,22.970623
0x985c ,26.960396
0x75e4 ,16.125004
0x96a6 ,25.033789
0x2244 ,33.760868
0x4f4e ,17.85526
0xd592 ,43.9231
0xa54 ,25.90435
0x5a1b ,22.233904
0x7f63 ,13.362711
0x6ec0 ,28.704453
0x3a48 ,37.01831
0x763e ,19.68523
0x6d4e ,20.552366
0x3bb6 ,14.924705
0xd056 ,34.54133
0xd33b ,28.71583
0xdd34 ,25.151182
0x622c ,13.983292
0xb87d ,33.59985
0xc470 ,34.224724
0x1aa7 ,22.487444
0x5e7a ,22.509874
0xcfe5 ,18.871967
0x7a04 ,39.291313
0xacca ,21.956276
0x6f90 ,18.976347
0x2508 ,19.795433
0x645c ,34.06824
0xb25 ,20.230963
0xaadc ,22.059042
0xa44e ,32.415413
0xa50 ,22.306097
0x11e8 ,19.875822
0x13d5 ,31.608353
0x973d ,25.072172
0x4ac8 ,20.394056
0x8e23 ,37.628357
0x4be8 ,34.27979
0x6b02 ,23.529192
0xa833 ,15.616346
0x709a ,33.50708
0x3c6f ,22.339462
0x9ac2 ,25.9773
0x743b ,15.293563
0xcd94 ,19.277756
0x5c63 ,17.290415
0xb791 ,37.116177
0x4968 ,16.986729
0x1589 ,18.453165
0x8788 ,44.5101
0x5d5f ,29.657888
0xc323 ,21.10944
0xbfd0 ,19.130873
0x466a ,37.016525
0x7dc1 ,20.295074
0x4b42 ,28.296791
0x1639 ,21.289696
0xfa2 ,35.253685
0x45df ,21.05601
0x85ee ,27.068733
0x8a1c ,18.925823
0x6eb7 ,27.179958
0xb663 ,30.916128
0x8483 ,20.658026
0x48d4 ,23.144958
0x79f8 ,34.490223
0xcb6d ,19.643223
0x1eef ,18.05975
0x34a3 ,36.861267
0xafcc ,23.154888
0x6e89 ,17.604424
0xc903 ,19.414936
0x5597 ,21.11679
0x1924 ,21.485592
0xa9b8 ,17.115211
0xc7cf ,31.121317
0x1189 ,25.47166
0xde28 ,22.153233
0x7a3 ,43.891724
0xa61e ,19.370329
0xd70 ,22.041626
0x39c7 ,20.083273
0x4d32 ,30.748745
0xa90d ,25.87551
0xb5fe ,43.143925
0x7984 ,36.443897
0x571a ,26.886135
0x2fd5 ,38.980526
0x82d7 ,21.20842
0xa290 ,29.303736
0x61ac ,16.67436
0xd2d4 ,19.795433
0x428f ,36.51694
0x8819 ,22.115458
0x1833 ,27.092196
0xbfa3 ,22.068884
0xcdd1 ,22.41257
0x1d89 ,22.396984
0xa6ee ,38.085037
0x48a1 ,38.72859
0x2ad0 ,15.884291
0xc749 ,19.189524
0x127c ,24.577997
0xc6ce ,32.068233
0x7606 ,22.467117
0xaabb ,21.908543
0x7a78 ,24.348446
0x500a ,23.475672
0xc8ae ,18.032684
0x7e83 ,39.19219
0x93a6 ,13.030327
0x6659 ,23.488125
0x1de0 ,23.21461
0xb3d6 ,16.724749
0x7b3e ,21.929548
0x5fd9 ,34.38824
0x7691 ,23.614634
0xd42e ,34.350716
0x20bb ,27.603773
0x8c93 ,23.927523
0xe212 ,15.742908
0x624e ,19.807314
0x9ae9 ,20.07186
0x37b0 ,24.755978
0x65c ,14.124714
0x3f04 ,33.80901
0x916f ,36.231785
0x7629 ,37.51201
0xe031 ,31.849737
0xb181 ,23.337006
0xdcea ,23.8355
0x9416 ,28.629997
0x8611 ,34.95205
0xde29 ,24.711746
0x8e10 ,31.278143
0xbd6d ,22.493307
0x39de ,27.182413
0xa555 ,23.460241
0x22f5 ,23.418669
0x4e5c ,34.651222
0x786c ,23.195118
0x3244 ,30.911995
0xccf8 ,16.610312
0x6463 ,38.502262
0x983a ,20.703259
0xb15c ,41.066856
0xcf0f ,23.289707
0xd5a9 ,18.067196
0xcdbd ,16.091473
0xb571 ,36.76064
0x7885 ,21.227612
0xaf7b ,37.660633
0x869c ,22.242691
0x6616 ,34.37844
0x45fc ,38.669823
0x73bf ,22.292168
0xc69e ,21.957565
0x2b0d ,44.390503
0x4333 ,19.00564
0x95d8 ,31.93959
0x6cf2 ,32.501938
0x69be ,25.446335
0x6003 ,34.62476
0x745f ,31.942402
0x7789 ,29.565777
0x3dd5 ,42.6298
0x29ae ,28.933321
0x2e26 ,23.717754
0xbbae ,36.71448
0x8ef9 ,36.4005
0x6375 ,22.073538
0x4902 ,38.350956
0x4d9c ,23.454975
0x4a0a ,17.284052
0xccf6 ,36.398594
0x5793 ,31.150602
0x2f28 ,20.424242
0x962f ,19.795433
0xbb80 ,17.086506
0xd293 ,17.808718
0xba0d ,22.526781
0xb917 ,20.339977
0x9b3d ,24.339838
0x6718 ,39.469166
0xaced ,24.913225
0x6977 ,25.577559
0x5c92 ,21.325127
0xe0b3 ,34.051804
0xb54e ,10.16003
0x3d94 ,15.267049
0xbbd5 ,37.74929
0xb6db ,38.749077
0xd62b ,25.564455
0x6961 ,37.350906
0xde3d ,37.682617
0xaa5a ,22.798832
0xaf1f ,30.487667
0x76c3 ,21.587008
0xd1bf ,34.581715
0xdc1b ,20.612194
0x9b9 ,32.142868
0x7ab7 ,37.33759
0x2379 ,15.718306
0x20e0 ,23.11502
0x8026 ,26.117664
0x9fc8 ,16.726826
0x27d5 ,34.50613
0xce65 ,23.446764
0x6c37 ,21.219687
0x80da ,38.00839
0xb150 ,21.356953
0xd836 ,23.262579
0x6fb4 ,40.347076
0x8d34 ,21.37318
0x39e3 ,21.947634
0xdd0b ,23.149153
0x9473 ,23.230856
0xa8ed ,17.284052
0xb401 ,24.057621
0x8f39 ,27.004082
0xe0fc ,29.16537
0xb865 ,28.86303
0xae83 ,24.34755
0x9bdf ,24.727137
0xa93d ,41.685516
0xaed6 ,25.547508
0x8a53 ,22.594126
0x4c66 ,23.801798
0x6d81 ,20.784184
0x2eea ,29.851713
0x4aaf ,32.499584
0x1648 ,41.074226
0xcab2 ,22.862474
0x839b ,21.540323
0x7a18 ,17.855965
0x92e5 ,16.083717
0x3f1f ,29.862133
0xd10f ,28.283909
0x558f ,15.633049
0x2f4b ,28.122162
0xbc2b ,28.10704
0x218a ,21.378077
0x4957 ,25.668682
0x7309 ,17.555794
0x6e86 ,24.73247
0x61e1 ,37.58975
0x1ef7 ,29.478872
0x3887 ,34.37844
0xbdae ,16.938932
0x6e8f ,40.89917
0x27b3 ,25.742512
0xd220 ,19.790867
0x85b0 ,20.606903
0xc3af ,21.59812
0x2998 ,22.383444
0x82cc ,24.474642
0x5a60 ,32.70828
0x8a8c ,22.918333
0x717c ,23.170834
0xd4d2 ,29.075125
0xb75d ,21.158844
0x24fc ,22.35019
0x222f ,34.54133
0xc62b ,25.965322
0xb204 ,27.653912
0x74bb ,29.065071
0x98c5 ,22.029522
0x26b4 ,26.433378
0xbd7a ,16.162472
0xa03e ,27.783108
0xae28 ,28.619572
0x490a ,29.984114
0x48a7 ,32.561302
0xa0a ,14.979079
0x630e ,16.439554
0x67ef ,30.825394
0x14a5 ,31.144732
0x58de ,23.974293
0x96d0 ,27.99297
0x2682 ,30.764135
0x15ed ,22.020569
0xdff0 ,36.51455
0x69ab ,20.081467
0x6aaa ,19.43381
0xd4e0 ,23.490147
0xdd91 ,33.684116
0x907c ,19.922102
0xc42 ,40.84782
0xda3e ,40.934727
0x7a55 ,37.58946
0x6b34 ,22.0502
0x6f1b ,23.428295
0xa711 ,39.304108
0x2f2c ,33.917473
0x19ee ,21.133787
0xdf70 ,23.68953
0x3d10 ,35.560177
0x2fb1 ,32.17744
0x4136 ,22.54441
0x4789 ,19.415396
0x315a ,10.183432
0x1343 ,23.172321
0x933b ,31.081802
0x934f ,19.436092
0x1c8f ,22.461136
0x3ca9 ,20.757265
0x476e ,17.021368
0x1e8d ,23.227451
0x629a ,30.795383
0x30bb ,27.056957
0xd9c2 ,39.574043
0xb4f3 ,21.231722
0x25b6 ,37.382183
0xdf5c ,27.621065
0x7f9a ,17.237246
0x58bb ,21.98247
0x84a ,23.336168
0x40d6 ,24.719227
0x9426 ,22.370024
0xb259 ,16.231764
0xb8a8 ,23.337006
0xd834 ,31.915237
0xcef5 ,14.229683
0xdece ,42.014442
0x6409 ,38.00154
0x10dc ,40.507042
0xccc ,14.126021
0xd41d ,26.54215
0x6c94 ,26.205233
0x4f43 ,21.73548
0x647c ,20.347486
0x874c ,18.91376
0xb0c0 ,13.585899
0x8ed3 ,44.39342
0x40bc ,27.758581
0x37d7 ,34.506927
0x34c6 ,34.326473
0xc15b ,15.756065
0x91a5 ,36.167305
0x358c ,23.082535
0x1f36 ,22.263617
0x11da ,18.049171
0x986 ,22.705332
0xa9fe ,34.21855
0x121f ,34.676586
0x569b ,39.068733
0xa523 ,35.24496
0xb6c8 ,35.89995
0xa78f ,37.746056
0xdb59 ,22.021704
0xdeef ,23.06258
0x2ca0 ,36.276882
0x5024 ,29.2489
0xa2bd ,22.661892
0xc98b ,23.060307
0xcd65 ,27.686813
0xc956 ,24.379143
0xb22f ,23.373892
0xdad9 ,49.360428
0xa907 ,26.348557
0x5cc8 ,32.248993
0xcb62 ,19.355673
0x4ca2 ,18.590023
0xd339 ,27.775204
0x5947 ,19.35665
0xd137 ,28.482754
0x6491 ,22.29433
0x47e7 ,19.172682
0x2cec ,30.39835
0x8b3b ,13.715334
0x278d ,27.538725
0xd977 ,32.869804
0x5f3a ,32.58326
0x30dd ,33.730343
0x2729 ,16.670858
0xc6ec ,22.666191
0x7ad0 ,20.62348
0xbc49 ,26.07877
0x21eb ,43.73986
0x7c9c ,22.029085
0xa437 ,36.247368
0x2ecd ,21.410612
0xa497 ,26.526377
0xd757 ,23.156271
0xe15e ,24.245743
0x95dd ,27.054745
0x91aa ,31.605927
0xb14d ,33.760868
0x4e43 ,23.22922
0x774b ,32.869804
0x2f0a ,14.546213
0xd8d4 ,17.610418
0xb29e ,29.303736
0x8895 ,13.060179
0xcf9d ,36.798492
0xdfcf ,33.73575
0xda2b ,16.224318
0x6166 ,16.85319
0x9e6 ,21.220016
0x86e5 ,29.397707
0x4bb1 ,23.231468
0x42c5 ,22.05198
0x7ce1 ,18.977484
0x1b22 ,41.685516
0x6a0f ,28.800613
0xab5a ,21.13782
0x4b40 ,27.049112
0x5b1b ,28.813698
0x11fc ,30.390234
0x53dc ,20.676266
0xdc0e ,23.89154
0x3ca7 ,29.704973
0xb626 ,14.930742
0x19b0 ,28.73018
0x12b8 ,29.742392
0xc42a ,45.871693
0x29e2 ,35.433727
0x4df7 ,26.753899
0xc5e3 ,26.54215
0xc30e ,30.390234
0x7e6d ,22.272446
0x29eb ,31.9242
0xd837 ,21.84245
0x2d00 ,21.204844
0x3c80 ,36.236492
0xbb5d ,29.303736
0x9695 ,29.26689
0x6305 ,21.206741
0x2698 ,22.181875
0x147d ,18.479385
0x66a1 ,14.553715
0x1452 ,33.737274
0x1413 ,23.211409
0xa5ac ,22.351587
0x542a ,30.204226
0x8678 ,20.29698
0xd28f ,24.758606
0x9f65 ,32.908783
0x4648 ,22.994127
0x9f1c ,32.239532
0xdd37 ,44.397472
0xbfd ,28.372707
0x9702 ,21.132122
0x56e0 ,23.363474
0x2502 ,20.533903
0x54ff ,23.289825
0x502c ,23.785336
0x3337 ,31.679813
0x8890 ,15.143174
0xc089 ,15.138375
0x8bba ,20.123493
0x9cc ,37.036232
0x48a4 ,26.350674
0x7eda ,28.590405
0x80a1 ,30.72347
0x178a ,25.004728
0xa505 ,28.719015
0x228c ,23.42878
0xb9b9 ,15.562777
0x777d ,19.43381
0xa783 ,23.720655
0xb894 ,25.446335
0x3911 ,26.856058
0x5b22 ,46.69134
0xd900 ,39.88853
0xb432 ,29.50275
0xcfc7 ,14.940228
0x7da2 ,15.954616
0xcdb0 ,26.45956
0xd11a ,25.191109
0x234a ,34.649918
0xcf95 ,24.80393
0x64b2 ,22.3181
0x8929 ,26.91845
0xc86f ,23.123024
0x5a78 ,23.723408
0x3d0f ,24.577997
0x24e0 ,18.014872
0x6ffb ,15.633049
0x7f7d ,16.041304
0xcace ,33.037212
0x1a81 ,26.363947
0x23e7 ,36.379337
0x49e3 ,28.68466
0x556e ,17.031431
0x6526 ,19.297215
0xa2ae ,19.394516
0x24a9 ,15.2575865
0x78e6 ,21.427956
0xc907 ,21.75377
0x2587 ,14.283838
0x30aa ,27.760574
0x7485 ,21.028318
0x1ac6 ,26.342295
0x5d36 ,16.5421
0xcc1c ,23.467518
0x18aa ,26.078722
0x8e85 ,24.666718
0x4287 ,23.467518
0x6e06 ,23.411701
0xa86c ,21.283703
0x7dfb ,21.671999
0xb9b0 ,18.8797
0x94f0 ,22.111101
0x4b63 ,15.040933
0xa8b6 ,31.065332
0x6090 ,19.455162
0xac37 ,21.76322
0xd69c ,30.948132
0xdb7e ,40.680046
0x6703 ,27.049112
0x3096 ,22.35019
0xcb6b ,24.904556
0x7513 ,17.924925
0x5d66 ,25.979826
0x98c ,22.380983
0x56f1 ,39.166344
0xfe3 ,23.231468
0x1209 ,44.410267
0x2c69 ,21.410612
0x657f ,21.49796
0x51f9 ,19.500904
0x5ab4 ,39.37216
0x9e5f ,23.448837
0x6f95 ,23.131071
0xd26b ,18.787249
0xaecf ,38.94756
0x274b ,23.305025
0xd00 ,21.980421
0x9022 ,23.04719
0x6fcf ,37.799076
0xde8c ,34.979374
0x9fcc ,34.09558
0xbac4 ,29.542727
0x354d ,26.306723
0x9765 ,22.43445
0x1ecf ,20.7099
0x377d ,27.26443
0x166c ,23.248312
0xcdba ,14.925509
0xc722 ,20.39112
0xb8e3 ,20.096516
0x56fe ,30.944012
0x32fa ,23.164
0x3383 ,22.744413
0x4a17 ,38.18356
0x4325 ,26.42191
0x9847 ,15.4828
0xd61b ,21.962757
0xbc83 ,37.28576
0x7d0b ,22.268312
0xc210 ,25.150381
0x2103 ,38.98119
0x17fc ,38.43888
0xcf8c ,19.746164
0x3f6c ,21.32222
0x86ae ,29.008408
0xcabf ,26.3349
0xc78f ,22.940226
0xc26 ,21.970495
0x8b56 ,38.835735
0x8ca8 ,26.45956
0xd2c4 ,24.020445
0x5b2d ,18.630896
0x7605 ,22.548466
0x5e70 ,41.191765
0xa6a0 ,27.20325
0x4660 ,20.179094
0x93dd ,36.741013
0x91c2 ,15.983911
0xda72 ,23.654375
0x1988 ,27.520218
0x7cef ,21.931358
0x3266 ,22.021704
0x8c97 ,38.771122
0x328f ,32.89194
0x2e69 ,26.102446
0x726c ,21.888535
0xaf00 ,32.361885
0xbc79 ,22.798937
0xc782 ,27.49132
0x7676 ,22.024519
0x706d ,17.186565
0xa7b9 ,36.3963
0x3389 ,35.10908
0xb2fa ,32.49233
0xcecb ,24.122952
0xb0b8 ,24.058058
0x9e37 ,17.337898
0x1ad1 ,27.833378
0x9009 ,15.291551
0x55b4 ,33.308964
0xda2d ,13.538567
0x9f43 ,35.573326
0x2ead ,37.63885
0x4e70 ,27.114754
0x5f65 ,21.435333
0x5b65 ,21.104086
0x4959 ,23.929724
0xd52f ,40.412205
0x8269 ,15.739669
0x7410 ,24.161545
0xb08c ,23.182076
0xcb27 ,16.68138
0x42c9 ,26.913568
0xb245 ,22.219276
0xbfea ,27.773731
0xbabf ,24.34564
0xa60e ,22.701538
0x7aa ,16.051577
0x6e96 ,19.769064
0x3432 ,21.40517
0x5b2a ,19.562218
0x7151 ,22.402271
0x731c ,14.934697
0x8661 ,28.323435
0x5012 ,17.1871
0xc399 ,14.718536
0x732d ,29.953363
0xd663 ,26.966204
0x6a14 ,26.564548
0x134b ,31.93959
0xe26d ,15.032624
0xd0f7 ,32.067093
0x9daa ,25.452085
0xd2fa ,21.521791
0xb302 ,21.948954
0x7164 ,21.924747
0x38a5 ,40.068676
0x2c04 ,21.283703
0xca42 ,25.187128
0x204e ,21.59505
0x4ce5 ,21.525728
0x84b8 ,22.169668
0xbb30 ,23.502993
0xb43e ,28.672726
0x3a7a ,36.442005
0x7211 ,23.460241
0x834c ,15.766577
0x9b91 ,20.276693
0x4e4a ,24.161545
0xce0f ,20.236881
0x4dd1 ,26.960396
0x9628 ,17.924925
0x37ea ,26.837538
0x6f62 ,42.108208
0x7abb ,29.234615
0xb5c6 ,28.914618
0xa966 ,24.682108
0x69b1 ,24.80393
0xaa87 ,38.085037
0x607c ,50.93749
0x1bf9 ,26.287823
0x8343 ,16.6889
0x37b7 ,21.13172
0xdb3e ,23.02018
0x8e3d ,23.57064
0x9d80 ,24.1513
0xe111 ,35.55879
0x1dde ,21.019703
0x9b98 ,21.299093
0x40e9 ,13.638934
0x3cd4 ,23.223217
0x58c3 ,20.05128
0x600c ,25.396557
0xc4a6 ,27.473753
0x38dd ,21.704165
0x8160 ,22.20295
0xa02 ,39.130814
0x1f26 ,29.439669
0xb123 ,22.569107
0x5b32 ,47.074688
0xdc1e ,15.878568
0x65bd ,22.328512
0x3467 ,22.970623
0xa142 ,26.296257
0xc3c ,33.236977
0xab1d ,34.102974
0x2b01 ,22.661259
0xc817 ,32.852383
0xa87f ,34.37844
0x7113 ,26.576859
0xa41c ,40.49424
0xbeea ,27.793573
0x7dd1 ,18.408833
0xcf80 ,27.11406
0x37d5 ,33.71496
0x3424 ,24.541786
0xa542 ,36.44429
0xd72b ,41.427956
0xccca ,29.579119
0x45b2 ,22.1883
0x5928 ,34.064793
0x4944 ,15.914648
0xb062 ,21.883804
0xd23a ,41.846714
0x4479 ,26.856058
0xd5eb ,22.37927
0x42e9 ,30.062128
0x174a ,34.398396
0x241f ,27.056957
0x29bd ,38.313118
0x3610 ,31.93959
0x14b7 ,27.13809
0xd5ce ,18.048681
0x6309 ,18.949497
0x4e98 ,20.870745
0x162e ,21.92888
0x5b68 ,17.924925
0xc7b8 ,33.201733
0x9073 ,24.447224
0x70aa ,21.450098
0x99a2 ,23.444317
0xcf99 ,36.95656
0x56b1 ,22.044083
0xdd41 ,30.343287
0x180e ,29.546484
0x19fd ,19.77943
0xbfee ,23.460241
0x6e9e ,34.39383
0x4bb2 ,37.101246
0x819f ,22.311813
0x54c0 ,23.681885
0x4e06 ,16.590345
0x6627 ,34.579144
0xd964 ,22.095875
0x3055 ,41.23946
0x8810 ,33.855568
0xbcb6 ,28.537334
0x4836 ,22.224476
0x1d79 ,24.017893
0x4004 ,17.871355
0x6fe4 ,26.54215
0x4df4 ,23.382874
0xb3d9 ,22.894358
0x3734 ,14.750426
0x6272 ,30.186346
0x211b ,29.188932
0x641c ,20.896528
0x35d5 ,19.990536
0x89e6 ,36.42571
0xacc4 ,23.427092
0x83b6 ,22.337345
0x7e79 ,43.706745
0xc3cd ,28.226814
0xb594 ,14.252186
0x1a4e ,27.629889
0x6098 ,34.337578
0x1cf5 ,21.079365
0x237d ,17.739767
0x566f ,24.035908
0xaf5b ,25.21512
0xb833 ,16.10265
0x21a0 ,15.633049
0xdea ,29.509632
0x2e0f ,33.906796
0xac69 ,16.999563
0x39b2 ,23.78968
0xb1dc ,26.637976
0x885 ,39.20783
0x9c42 ,22.029526
0xaaa1 ,25.182745
0xa76a ,44.0493
0x37cf ,23.329779
0xb4ed ,21.323843
0x7262 ,22.238848
0xd600 ,21.973927
0x2890 ,22.509874
0x14c3 ,28.552053
0xd6b6 ,18.927006
0xe176 ,24.476902
0xbde8 ,21.71107
0x6510 ,38.708763
0x1d71 ,16.68134
0x21be ,25.182138
0x739e ,29.25963
0x146b ,24.381596
0x55f1 ,39.50144
0x5b50 ,26.161777
0x8b96 ,26.303974
0x3ffd ,34.494404
0x5ba5 ,38.8651
0x6527 ,28.436817
0xdf97 ,16.129658
0x5ae5 ,40.416927
0xd87c ,16.669664
0x1cb4 ,23.311796
0x3920 ,34.092285
0xdf62 ,24.779356
0xb8c ,27.056957
0x65d2 ,23.168758
0x13c8 ,32.92417
0x38cb ,24.510593
0xa90 ,23.012081
0x7df3 ,32.201485
0xb951 ,26.50878
0xe160 ,17.147604
0xa716 ,19.959095
0x6d21 ,16.212816
0x5eea ,14.227173
0xa52c ,19.052483
0x4972 ,34.4735
0x9017 ,21.74416
0xa5bd ,22.77073
0xbb02 ,20.560385
0x505d ,39.130814
0x5783 ,21.599287
0xacee ,22.51125
0x1e80 ,31.58358
0xdef2 ,13.708079
0xa2d2 ,25.710772
0x5ea4 ,23.474546
0x418c ,32.98104
0x3786 ,23.41739
0x21e6 ,23.373241
0x5dd ,25.16945
0x629f ,46.08898
0x6ef1 ,30.062128
0x703b ,21.536068
0x8c71 ,36.312756
0x45b0 ,17.430988
0x73d9 ,31.679813
0xd86b ,27.769663
0x4be3 ,17.87065
0x80a7 ,22.233664
0xcb05 ,36.169216
0xa150 ,27.910168
0xcb43 ,36.47188
0xe1e8 ,28.947872
0x45d3 ,26.246996
0xd05c ,23.182076
0x4268 ,22.168003
0x450d ,29.54113
0x9d21 ,28.677498
0x6f10 ,38.82618
0xcda3 ,22.68259
0xba00 ,28.559612
0x6326 ,35.562607
0xae11 ,19.100286
0x9a47 ,31.93959
0x3cdb ,15.740771
0x2eb6 ,24.208654
0xb075 ,23.033949
0x976 ,34.358547
0xb959 ,38.00839
0x287f ,43.562958
0x3967 ,31.323923
0x74f8 ,27.232136
0x3eee ,17.049559
0x3d60 ,23.754642
0x7506 ,23.141575
0x3e16 ,26.13002
0x7636 ,33.10582
0x803b ,23.021584
0x5172 ,17.123964
0xa841 ,36.092876
0xa67f ,17.364195
0x8039 ,29.719564
0xe0dc ,25.64088
0x842 ,22.331411
0xd1f0 ,15.291551
0xde27 ,35.573326
0xa8df ,29.742355
0x8fb9 ,22.292168
0xb287 ,14.891328
0x29e4 ,23.082535
0xd710 ,15.025304
0x3264 ,23.249477
0xaeab ,38.085037
0xeb7 ,19.543917
0xd8b1 ,27.634577
0xbdd1 ,26.185507
0x5974 ,15.566507
0xc15d ,23.098864
0xc607 ,22.178804
0xc5cd ,23.080126
0xac33 ,31.848816
0x24ea ,23.26555
0xcfe1 ,21.604713
0x5923 ,25.829906
0xd56e ,19.108746
0x9d79 ,21.909357
0xa6ae ,37.532055
0x592d ,21.912235
0x1bd9 ,19.198793
0x9145 ,36.39836
0x79fc ,15.716052
0x8542 ,24.711746
0x6c4a ,24.283834
0xd7b2 ,25.062143
0x3413 ,36.440495
0x346d ,17.290415
0x76bc ,32.036358
0x5c0d ,25.237524
0x3e4c ,29.953363
0x7f51 ,14.938586
0x919d ,19.203384
0xa8ca ,25.698725
0x3275 ,13.585899
0x8839 ,13.720822
0xacdf ,31.9242
0x13ce ,17.216038
0x23e4 ,24.915033
0x3c56 ,35.573326
0xdfdf ,28.73018
0x5169 ,25.44101
0xc4e2 ,36.460403
0xe107 ,27.783108
0x1a88 ,23.131153
0xdc7b ,22.997814
0x5f09 ,17.638483
0xdd82 ,35.093452
0xdd1b ,17.458065
0xd4be ,30.204226
0x2231 ,18.697695
0x4675 ,22.385757
0x3600 ,17.216038
0x7796 ,37.641884
0xbe2e ,22.413149
0x297a ,26.37214
0x435b ,24.052223
0x5613 ,29.911463
0x7210 ,39.44704
0x6e18 ,26.923576
0x1119 ,33.125156
0xccdb ,34.941948
0x49ce ,26.348557
0x2d02 ,23.012081
0x4aab ,20.347486
0x4f61 ,23.05744
0xcbd4 ,24.470633
0x96c8 ,20.118233
0x550f ,18.939589
0x7b52 ,27.935526
0xb36e ,16.56818
0x700b ,19.334677
0x76b0 ,30.111086
0xabf9 ,37.32975
0x9274 ,21.260633
0x4a6e ,21.427956
0x17a0 ,28.847996
0x2137 ,44.42674
0x9f3e ,21.486189
0x5abe ,15.579479
0x7238 ,21.260017
0xcff2 ,27.056957
0x1793 ,22.092451
0xa2d4 ,27.041567
0x177d ,35.15989
0x39d0 ,17.399633
0x2d91 ,20.214977
0x74ae ,36.53323
0x3940 ,12.105042
0x7219 ,21.437532
0xca5d ,31.559536
0x8a18 ,27.003645
0x7e63 ,26.337883
0xd5ad ,24.682108
0x4e75 ,22.00572
0xb7ee ,17.147604
0xdb2b ,40.60268
0x778b ,22.160713
0xa7f0 ,14.90618
0xad86 ,19.455984
0xddc7 ,18.47658
0x52a3 ,23.220772
0x6a33 ,16.029222
0x7302 ,33.195545
0xbe97 ,16.514755
0xda79 ,22.839766
0x1f58 ,21.480934
0xe1e2 ,14.793406
0x7bf2 ,20.05162
0xa340 ,24.266886
0xbdf5 ,25.191936
0xa25f ,30.403748
0xaaeb ,26.20031
0x2716 ,25.45673
0xc135 ,22.10245
0x160f ,34.84521
0x7b76 ,41.770523
0xb34b ,24.180437
0xdc8c ,53.38575
0x7edf ,19.981958
0x42cc ,21.604252
0x753c ,17.147604
0xa124 ,21.48546
0x1853 ,29.656975
0x2413 ,24.05974
0x3d73 ,38.03479
0xd76e ,31.9242
0x800 ,23.2612
0xbce1 ,19.00617
0x9ab8 ,36.28702
0x2e8d ,13.060179
0x5766 ,21.3099
0xb786 ,25.955303
0x3f81 ,23.372208
0x3478 ,18.943954
0x83dd ,27.46631
0xd1f9 ,23.635538
0xa2b9 ,34.87752
0x9cfd ,22.798832
0xc037 ,27.491364
0x887 ,27.92498
0x1c93 ,23.966805
0x2774 ,19.24618
0xdbc1 ,25.111378
0x414c ,17.384224
0xd1a ,16.485783
0x214c ,24.210102
0x8f8d ,22.611189
0x7f7c ,23.813265
0x1acc ,33.72087
0xa51c ,16.885595
0x3bd1 ,16.68138
0x51f4 ,20.109941
0xac91 ,37.765938
0x55fb ,27.049112
0xc9d8 ,38.085037
0xdf47 ,34.54764
0xc336 ,21.397442
0x59ed ,38.07985
0x96ac ,22.067703
0xd531 ,28.933321
0xcc70 ,27.47942
0xc8c5 ,26.704523
0x9db2 ,25.55594
0x5cfa ,15.963796
0x9472 ,24.479103
0x5f2e ,38.65692
0x7de3 ,17.031431
0xa8f ,24.980541
0x3adb ,16.406076
0xb6da ,14.239485
0x999d ,16.953857
0x6394 ,15.7542095
0xcb1a ,22.805403
0xd94b ,13.942224
0xce6f ,22.60228
0x4cd7 ,21.183067
0x55fe ,35.13533
0xadea ,21.509628
0x92ad ,28.625301
0xb747 ,24.131844
0x3151 ,27.891912
0xde5e ,22.231462
0x6fec ,17.583155
0x152c ,16.991798
0xc98e ,36.819557
0x317e ,30.162971
0x9fe0 ,37.107224
0x7641 ,15.690347
0x1028 ,42.689774
0xa519 ,20.937384
0x3e1e ,44.264336
0xde6d ,39.164215
0xb7d ,20.73998
0xd58f ,38.909065
0x53a2 ,19.315748
0x2f23 ,38.38458
0xcd69 ,37.776936
0xe079 ,21.87902
0xced1 ,17.511635
0xdee3 ,28.171652
0x8fb3 ,13.852431
0x8e01 ,22.21772
0x570c ,19.0778
0x9d38 ,35.815224
0xa8fa ,23.04719
0x2cb5 ,38.10628
0x31b9 ,23.472734
0x75cb ,27.350178
0x9b32 ,23.254187
0x1d86 ,24.763746
0x809f ,14.924705
0xb230 ,22.572598
0xa3be ,39.469425
0x2008 ,22.11426
0x450a ,25.259327
0x25c1 ,35.167145
0x89ed ,29.409838
0x55ce ,23.412962
0xc449 ,23.140736
0xc512 ,46.766148
0x844c ,28.641504
0x94a9 ,44.539967
0xb8a ,35.61064
0x4e09 ,15.900725
0xd1c4 ,28.592232
0x5754 ,38.350956
0x50ee ,17.966293
0x58ec ,21.35837
0xb08 ,20.367102
0xd24d ,32.857124
0x7eb9 ,26.44417
0xbd0e ,35.044277
0x594d ,22.165762
0x5f1b ,42.10024
0xc064 ,23.57033
0x8a31 ,39.08302
0x5864 ,20.987297
0xa90c ,17.511635
0x7a0b ,34.851334
0x7ed0 ,19.049335
0x729a ,34.371483
0xa92d ,21.235338
0xa701 ,16.68134
0x54ef ,28.59303
0xdae5 ,21.32395
0x1fc6 ,16.884668
0x3817 ,22.23242
0x2d37 ,16.12451
0x8f72 ,26.037447
0x7815 ,21.938437
0xc8a8 ,23.101797
0x6327 ,35.092834
0xabd4 ,36.231785
0x110e ,20.363493
0xb186 ,25.498531
0x5438 ,21.100845
0x3021 ,33.9391
0x187c ,34.388634
0x9dab ,19.253084
0xda5c ,20.646105
0xcc43 ,14.856438
0x8c88 ,17.167484
0xce8f ,22.216816
0x8d94 ,41.427956
0x80d ,44.30014
0x52d6 ,27.546244
0xa5ab ,40.343765
0x8a39 ,22.234106
0xaeec ,25.032135
0xa78 ,21.71107
0x8871 ,20.302593
0xa15f ,47.832745
0x8508 ,20.605103
0x1d9f ,36.788124
0xe03e ,21.197273
0x15f6 ,18.379396
0x6bd8 ,34.590687
0x9831 ,17.123964
0x810f ,24.545713
0x7b1a ,32.84715
0xc4e0 ,36.447247
0xb3bc ,38.67231
0xe023 ,30.916128
0x92a6 ,14.817593
0x6917 ,21.960793
0xa357 ,36.143898
0xb216 ,24.73247
0x437a ,21.046696
0xa7cc ,27.361004
0xddf3 ,23.038218
0x1e4f ,32.74692
0x6cf5 ,17.399633
0xa6a7 ,17.947355
0xa197 ,33.36623
0x761b ,34.724865
0x9410 ,38.491093
0x893f ,22.621548
0x63d6 ,34.629547
0x8da9 ,28.331682
0xa924 ,23.337006
0x603f ,19.77857
0xeb2 ,26.16362
0x292a ,33.83233
0xcf43 ,30.280247
0xd4c1 ,22.040567
0xb3c9 ,22.280659
0x1315 ,22.473063
0x78e0 ,23.18874
0x431c ,23.581882
0x816d ,37.43882
0x4169 ,33.354313
0xc49a ,31.525734
0x76bd ,27.614979
0x85b5 ,21.97389
0x60be ,20.637012
0xfd5 ,28.060493
0x8da4 ,36.17969
0x23c9 ,22.093817
0xb600 ,23.599827
0x5b35 ,28.640854
0x7010 ,17.031431
0x21e8 ,14.234402
0x73a7 ,29.84806
0x8010 ,37.33759
0x5303 ,22.35019
0xb4cd ,19.190027
0x6350 ,24.52988
0x87dc ,38.73369
0x8c4e ,34.5988
0x429b ,17.463842
0x8bac ,18.87579
0xd10 ,15.980762
0xc9fc ,23.102663
0x3a1c ,26.02184
0xa214 ,22.06814
0x7b4f ,19.278585
0x24ee ,20.972103
0x9134 ,34.817204
0xc85e ,21.889921
0x3c23 ,36.36519
0x7dc6 ,20.079525
0x18fc ,23.579306
0x1a4d ,23.312977
0xc03d ,33.3595
0xa0df ,17.337898
0x2dee ,35.420124
0xb6d8 ,21.269957
0xc132 ,30.529379
0xa370 ,21.793854
0xd478 ,20.196749
0xafb8 ,22.292791
0x1e05 ,19.238596
0xcb2c ,15.789045
0x25c4 ,23.467518
0xa98b ,21.129154
0x7d0f ,33.974884
0x111e ,22.244213
0x7932 ,15.134273
0xaa3c ,25.824419
0xa1bf ,23.117865
0x92aa ,19.288126
0x328d ,23.499176
0x8e93 ,38.28015
0xc564 ,21.433638
0x9ba5 ,30.442434
0x1b99 ,38.441547
0x25fb ,15.24762
0xbe77 ,19.930155
0xd0ab ,27.138008
0x82fe ,28.492752
0x9c35 ,17.3747
0xa915 ,17.287727
0x357b ,25.17546
0x53d9 ,30.221907
0x566e ,26.25683
0xd62c ,38.933743
0x334a ,32.612514
0x364c ,36.3721
0x51ba ,24.763746
0xb5dd ,13.272474
0xc71 ,23.639885
0xa3f8 ,29.300205
0x63ee ,22.466257
0x55f3 ,38.202873
0x5606 ,41.763786
0x682c ,36.380913
0x97e9 ,21.092474
0x5346 ,21.260017
0x859b ,38.055122
0x17b7 ,21.449535
0x1802 ,40.91016
0x624f ,26.840668
0xcedd ,21.45469
0x58c4 ,35.79424
0xd5f7 ,20.512875
0xc482 ,23.019632
0xb70 ,28.915514
0x27de ,19.529524
0x73ca ,30.176931
0xacc9 ,19.987236
0xafa9 ,23.462973
0x830d ,22.661892
0xc106 ,21.432972
0x2754 ,34.611786
0x5e8b ,21.412085
0x22d8 ,22.274734
0x85c9 ,22.128462
0xc455 ,25.485119
0x4459 ,26.2122
0x4ab6 ,24.00414
0x9340 ,25.313086
0xd276 ,22.273119
0x94df ,14.217666
0x58dd ,15.040933
0x4e32 ,20.257542
0x2202 ,21.617283
0x56de ,20.041716
0x1a79 ,26.870169
0x9014 ,17.279612
0x83d5 ,19.738564
0x8ed6 ,20.8784
0xd09d ,22.960407
0x89df ,19.132626
0x23d3 ,27.054745
0xbeeb ,24.991884
0x1dec ,20.994541
0x9089 ,23.482908
0xa3a9 ,24.711746
0x412e ,22.464413
0x31ea ,19.272366
0x9bf8 ,16.38017
0x9b9d ,37.7062
0x3355 ,29.4717
0x6a57 ,31.9242
0xd3d3 ,23.336168
0x430a ,32.15695
0xde08 ,18.36702
0x5361 ,30.55777
0x58f4 ,27.181639
0x966e ,27.251774
0x4052 ,23.425808
0x4773 ,17.816696
0x6632 ,38.35329
0x27cd ,28.325115
0x4d3f ,22.970623
0x7d4f ,19.07282
0xbd20 ,36.544018
0x3869 ,27.104603
0x9ee5 ,22.561428
0xc588 ,19.570871
0x6f1a ,27.520218
0x55cd ,28.372707
0x8d9b ,30.301182
0x6364 ,19.993767
0xc290 ,46.743706
0x2d5d ,29.34879
0x1e43 ,19.278585
0x973c ,47.12342
0xb470 ,24.302008
0x2f10 ,21.960793
0xa74d ,26.204094
0x9984 ,26.354027
0x6e4d ,23.482908
0x2450 ,19.055758
0xe180 ,24.562166
0x5e25 ,16.844698
0xac9c ,35.170776
0xb7da ,17.639328
0x5196 ,26.363947
0xbafa ,33.974884
0x8a02 ,30.420206
0x2cf2 ,30.994919
0x6e13 ,21.44566
0xd412 ,22.78935
0x4ad7 ,38.749077
0xc5d ,29.963816
0x273c ,19.32692
0x3e40 ,21.325235
0x7c8a ,37.449673
0x9b5a ,26.88946
0x86e6 ,22.95778
0x7bc5 ,21.877594
0x460d ,21.327131
0x86ca ,26.205242
0xdc7a ,21.990171
0x1dea ,21.58274
0x9305 ,22.11066
0xc0a7 ,21.92888
0x7655 ,17.284052
0x5f13 ,34.435783
0xbd9a ,16.14907
0x6ce5 ,19.503077
0x3b3b ,46.524128
0x6ad2 ,38.37965
0x8f6c ,34.02462
0xc8d ,15.746618
0x5a66 ,34.26777
0x1a62 ,39.49148
0x5313 ,17.021368
0x661c ,21.50912
0xd4af ,19.931982
0x8de2 ,15.564076
0x5f1a ,28.41756
0xbef ,16.40793
0x9abc ,22.903955
0x4b95 ,18.598835
0xd8b9 ,24.023388
0xbfc7 ,22.564053
0x9421 ,21.83605
0xcc17 ,25.432598
0xbf73 ,35.859688
0x3564 ,21.530636
0xc83d ,34.515453
0xd1b0 ,25.809
0xd3d4 ,17.511635
0x9e24 ,21.893076
0x1091 ,20.482414
0x42fb ,16.370361
0x1549 ,25.72199
0x6789 ,34.051975
0x8eda ,22.077353
0x37f8 ,34.803238
0xb389 ,22.986013
0xcd75 ,28.91658
0x8da3 ,39.41523
0xd7cd ,27.22655
0x67d0 ,31.9242
0x6d9f ,23.052578
0x94a2 ,21.58274
0x6d5c ,30.220068
0x29bf ,37.164536
0x7582 ,32.764843
0x2849 ,35.573326
0xc3d5 ,26.684107
0xc05d ,22.642445
0x81bc ,30.39835
0x2fbc ,15.390606
0x2c17 ,37.328262
0x432c ,26.652634
0x6d2c ,27.716413
0x4fa9 ,25.007534
0x4f2f ,40.370857
0x1cff ,21.110678
0x10a0 ,30.927385
0x34b7 ,22.3811
0xceb3 ,37.11106
0x1ca1 ,25.098583
0xe028 ,30.574402
0xdaf3 ,42.2784
0xd9f6 ,24.897835
0xd7ee ,30.390234
0xaa24 ,21.41599
0x2aea ,36.43371
0x8156 ,23.467518
0xaa96 ,22.376474
0x4073 ,33.48174
0xa4a5 ,19.313765
0x36bd ,40.288147
0x179d ,23.57705
0xdd66 ,37.78185
0x417e ,20.856283
0x88ab ,25.682758
0x5dee ,38.039734
0x544e ,39.712185
0x9c71 ,30.062128
0x5d0b ,23.418669
0xdc66 ,22.968056
0x6b0b ,21.30456
0xae3a ,19.630379
0x3a40 ,24.763746
0x5d55 ,22.510302
0xa5c1 ,22.35376
0x65c0 ,29.881903
0x1a69 ,23.289303
0xcd5c ,31.391842
0x205c ,25.472118
0xd60f ,36.20392
0x368c ,36.736824
0xb0d9 ,26.858341
0x7d39 ,28.739214
0x9922 ,28.362885
0x5044 ,22.31885
0x6869 ,20.052212
0x5d00 ,14.681016
0xc50d ,15.609916
0xc090 ,31.18828
0x38a1 ,38.57941
0x4085 ,20.866215
0x6536 ,24.349724
0x4088 ,24.859243
0x6232 ,26.45956
0xd327 ,27.669212
0x34ef ,20.77559
0xb59c ,28.440226
0x3f9e ,25.710617
0xc0a5 ,26.924221
0x3dc4 ,22.165762
0xb8fa ,34.543545
0xd22b ,24.7199
0x7eec ,17.80028
0x531b ,29.816952
0x4822 ,22.970623
0x2b42 ,15.903049
0xc2f8 ,24.745298
0x132a ,23.460241
0x2dde ,23.482908
0xe1d3 ,22.067703
0x141a ,22.798832
0x2928 ,22.732084
0x8707 ,38.749077
0xa9b9 ,23.44485
0x9a3e ,25.086416
0x2238 ,27.265745
0x7926 ,12.892578
0x60c7 ,21.445374
0xa764 ,22.678661
0xa82e ,34.52594
0x7845 ,36.366386
0xc9c4 ,21.575287
0xc9d ,34.219135
0x849e ,15.736722
0x52d0 ,20.660353
0x4d54 ,16.024584
0x3c87 ,40.34998
0x9647 ,26.518223
0x111a ,26.348557
0x8645 ,23.392426
0xb0be ,25.014772
0xe268 ,21.952368
0x8e26 ,34.41229
0x3d23 ,34.521587
0xe0d1 ,23.373241
0x772d ,38.039734
0xb80d ,27.058638
0x40cb ,23.17736
0x9796 ,34.78845
0xd386 ,33.455574
0x8fe1 ,28.787378
0x447a ,16.844698
0x2b38 ,30.05673
0xc65d ,29.249914
0xaede ,36.729298
0xdaaa ,42.769096
0x65d6 ,30.161297
0xd035 ,23.131153
0xf0e ,26.518223
0x5ed9 ,31.052126
0xd35a ,21.085472
0x98d3 ,33.07398
0x8925 ,19.77857
0x6fde ,22.060951
0x9267 ,20.280163
0xcbe8 ,21.98539
0xadcf ,16.073399
0x1fc4 ,24.882202
0x1a5c ,21.48546
0x486d ,26.322819
0x38eb ,19.201939
0x2ab4 ,23.671219
0xd6c ,29.524326
0x3354 ,34.782097
0x105a ,17.975903
0x6907 ,20.202978
0x12fe ,34.39383
0x4ab9 ,21.433222
0x579d ,49.22938
0x12e4 ,24.736067
0x84e1 ,30.437826
0x997d ,20.674864
0x2987 ,26.409815
0xc28c ,15.45685
0xdbd ,22.038984
0x414a ,16.845503
0x7e31 ,23.444103
0x8d7a ,27.77833
0x4099 ,34.127563
0x18a2 ,22.762234
0x18df ,25.037437
0x6a1e ,28.641504
0x1036 ,31.019464
0x769d ,37.343445
0x1a2d ,33.71496
0xa7af ,28.995525
0x7475 ,18.202568
0x77a6 ,19.86095
0x6bc6 ,25.65244
0xcc12 ,29.413357
0xc349 ,26.084515
0x5d71 ,25.632393
0x91dd ,24.738178
0x473d ,13.048303
0x89ff ,30.453217
0xaa9d ,16.584288
0x76dc ,23.308748
0x17c7 ,20.712988
0x689c ,22.49559
0x7409 ,18.507772
0x5d0a ,27.80803
0x3ffe ,31.608353
0xbde5 ,26.485329
0x7d9d ,17.639673
0x9f68 ,26.469557
0x1b9b ,34.805172
0xbe9b ,41.670128
0xdb76 ,34.48074
0xa1cf ,22.986013
0x653b ,26.464655
0x1c19 ,38.547718
0xb84f ,30.264856
0xc645 ,27.105906
0x339e ,15.242092
0x7e2e ,35.0605
0x3008 ,39.210533
0x8813 ,26.757994
0xae9e ,20.074436
0x3e1a ,21.711666
0x198d ,19.930782
0x47c9 ,19.387583
0x91d2 ,22.849892
0xb3a2 ,36.3963
0x83e3 ,34.236275
0x68ce ,26.17456
0x87d6 ,36.490856
0x2dd4 ,23.085825
0x4a44 ,25.00395
0x5673 ,27.055182
0x9248 ,22.406336
0x7d47 ,22.555534
0x9675 ,17.284052
0x44b0 ,41.71423
0x3cad ,29.120216
0x84ea ,34.358337
0x7565 ,24.763746
0x390a ,25.912672
0x1a10 ,47.679012
0x4ab7 ,33.661697
0x3577 ,23.257845
0x1d7e ,29.533081
0x2988 ,21.71107
0x10bc ,35.573326
0xd15b ,36.745586
0x1f90 ,23.123024
0xa9d0 ,29.289545
0x7470 ,19.77857
0x2ea9 ,30.176931
0x1c94 ,23.059666
0x7f7b ,15.735734
0xc2a4 ,27.06058
0x1016 ,24.763746
0x63e4 ,30.38412
0x1848 ,24.161545
0x3550 ,25.038158
0x78a5 ,21.51318
0xa5d7 ,29.826586
0x2b51 ,25.752726
0xad8f ,19.436388
0x3d55 ,16.2491
0x8f20 ,26.287693
0xc7c5 ,19.609493
0x6074 ,33.949493
0x8881 ,15.768654
0x118e ,36.499733
0xb02 ,24.708223
0xc4c4 ,20.648691
0x13f4 ,39.19219
0x9034 ,25.26391
0x2381 ,33.866726
0xd508 ,14.754466
0x7445 ,13.530347
0xac67 ,22.78926
0xc354 ,25.290384
0x7d8f ,20.158672
0xe262 ,16.218603
0x5fc8 ,33.168777
0x6553 ,28.0393
0x1d67 ,39.63185
0xaeb5 ,30.978773
0xaed5 ,31.574055
0xd127 ,19.545475
0x6d4 ,35.310036
0x684b ,34.993057
0x278e ,25.638788
0x9019 ,27.198591
0x2be8 ,21.572437
0xbfaf ,24.511497
0x2091 ,40.351913
0x6dba ,22.10363
0xc504 ,26.958715
0x2e83 ,36.507797
0xc7ca ,17.38709
0x4b2f ,35.573326
0x2cac ,33.906796
0xbcb8 ,15.564076
0xacb9 ,32.345127
0x118f ,11.7355995
0x53ee ,24.897835
0xb5f9 ,24.61344
0xa4c1 ,20.733759
0x8e14 ,16.850704
0x2a5a ,31.525734
0x1d76 ,23.531347
0x3e58 ,35.352085
0xcefb ,48.50946
0x922b ,34.77297
0x5f79 ,23.262976
0xb362 ,16.885595
0x7a4b ,21.651138
0x59b5 ,15.096835
0x5455 ,30.285791
0x90a7 ,20.261024
0xcb26 ,38.00154
0xe14b ,25.443483
0xc4d5 ,38.538795
0xb4c2 ,19.296589
0x8428 ,15.763715
0xe0b0 ,29.02809
0x7979 ,16.672474
0x49f0 ,29.4717
0x8017 ,46.965927
0x1e28 ,40.25908
0xb87f ,17.266209
0xcdb5 ,21.094759
0x6207 ,28.619572
0x3005 ,24.662294
0xca94 ,26.698765
0x33cd ,24.672598
0x7efb ,14.885042
0x1014 ,28.536663
0xcf12 ,26.084085
0xde9 ,19.201035
0x158e ,20.052212
0x97eb ,36.586857
0x247d ,22.99554
0xc29e ,38.085037
0x88c5 ,25.77318
0xaa5d ,28.76662
0x826d ,27.041143
0xbe81 ,21.19787
0x1d49 ,33.18472
0x30c4 ,27.080153
0x8ecb ,21.81096
0x1fba ,21.389914
0x6752 ,17.633108
0x197d ,34.37844
0x5e6e ,24.727137
0x112c ,39.357662
0x4f9c ,27.09591
0xcecc ,22.108484
0x969f ,26.261202
0x71f0 ,29.003273
0xaa46 ,38.005207
0x8fde ,22.587036
0xd25f ,38.65651
0x75a8 ,25.774384
0x7c2d ,21.005516
0x9085 ,23.460241
0x8049 ,39.419804
0xc74a ,22.918158
0xba2d ,25.50709
0x2c0c ,23.406534
0x4f2e ,21.088915
0x5eaf ,23.230177
0x895c ,33.760868
0xb44d ,23.208025
0xd6eb ,22.019623
0xc21e ,27.526955
0xae63 ,32.690857
0x9974 ,22.21993
0xd1bc ,17.115211
0xa59f ,17.94695
0xa78a ,18.718075
0x640f ,23.096392
0x6df4 ,24.00151
0x2848 ,31.997047
0x2dd6 ,39.319122
0x3c76 ,27.204472
0x1499 ,25.632393
0x4d7a ,20.118233
0x2fe0 ,18.768585
0xab7d ,22.99554
0xdc1c ,28.549553
0x391f ,18.055197
0x2cd4 ,20.845776
0xcbde ,21.275408
0x66c6 ,21.164125
0xa0a0 ,15.8366
0x6a17 ,13.466624
0x2905 ,16.095806
0xa49f ,22.436417
0xe22e ,14.927563
0x817d ,21.733692
0xac83 ,17.50386
0x714f ,24.526045
0x6d13 ,15.20114
0xa6f8 ,36.663517
0x7fb9 ,36.30509
0x251c ,24.478722
0x5b81 ,34.766903
0x2019 ,36.229443
0x1980 ,26.348557
0xabdf ,17.924925
0x5bc8 ,36.454357
0x9efd ,27.22655
0x6fd5 ,34.39383
0x2692 ,23.730978
0x96e1 ,41.162937
0xdd8f ,31.618652
0xad75 ,38.085037
0x88a8 ,23.741852
0x80b4 ,32.681816
0x6325 ,35.548717
0xa145 ,24.46852
0xab92 ,34.727596
0xecf ,29.422129
0x254a ,22.651957
0x8c8a ,21.33892
0x2555 ,21.357845
0xc6c3 ,20.041853
0x791f ,38.57941
0x1f77 ,21.433222
0xdf57 ,27.056957
0x6e9f ,26.85624
0x2c9d ,16.642916
0xdcb4 ,18.486658
0x9de2 ,34.045586
0x4e44 ,21.087814
0x1f2a ,46.682976
0x33c4 ,24.6631
0x5581 ,35.57245
0xc6cb ,26.287956
0x23da ,30.504992
0x759a ,18.169737
0x6165 ,26.370893
0x46c3 ,27.80803
0x6ea2 ,20.445377
0x5a6a ,34.238003
0x2835 ,36.408176
0x4baa ,23.200191
0x6900 ,17.44066
0x8675 ,19.325388
0xdbc6 ,34.54133
0xc32c ,21.628056
0xd727 ,13.9864435
0x3ed1 ,34.79394
0xaf85 ,34.81206
0x4dcd ,21.992985
0x55e2 ,30.944012
0x2635 ,16.264484
0x993b ,17.397024
0xb2f ,36.23284
0xae99 ,30.390234
0xd38e ,15.754823
0x8802 ,23.563553
0x29e8 ,15.591069
0x8bf6 ,29.421398
0x3649 ,26.083366
0x1c4e ,31.93959
0x3df2 ,21.846363
0xd287 ,23.864319
0x3f56 ,14.164599
0xd7fc ,18.977484
0xa028 ,28.669743
0xbce7 ,34.305378
0x438a ,26.251848
0xbdc2 ,36.275814
0x7f6a ,21.90564
0x83bc ,23.88066
0xd6b8 ,31.864597
0x4cf2 ,32.00975
0xcd22 ,23.262579
0xa509 ,24.406878
0xd662 ,15.775984
0x4fc3 ,19.87708
0x2196 ,21.268517
0xa199 ,40.18203
0x79de ,26.557549
0xfa7 ,15.658695
0x7f8c ,25.591618
0x97f0 ,18.014872
0x168f ,28.930527
0x679c ,34.521587
0x9c98 ,36.3721
0xc958 ,13.132152
0xbb08 ,38.749077
0x5371 ,30.504992
0x12b1 ,19.58181
0xc949 ,25.357166
0xed1 ,23.123024
0xc1d3 ,25.072172
0xa749 ,21.238298
0xcd33 ,26.995165
0x9b6f ,31.608353
0x70e4 ,36.112797
0x97e4 ,34.39383
0x72bd ,44.2971
0x83e8 ,28.949318
0xcede ,22.555048
0x8758 ,21.788233
0x4b5f ,20.125174
0x431b ,21.840654
0x7628 ,15.543743
0x4d9f ,51.804756
0x2dcf ,33.704025
0xa58e ,19.361954
0x5b0a ,23.096392
0xa04e ,25.855633
0xa821 ,17.924925
0xb5f8 ,25.345356
0xdc12 ,27.820978
0x6308 ,26.61962
0x34d2 ,36.366386
0x4118 ,26.50878
0x9d70 ,23.218782
0xccd6 ,33.951557
0x789c ,17.913363
0x73d5 ,37.426487
0x7ed2 ,25.671513
0xde5c ,30.20157
0x58fb ,21.485592
0x8104 ,22.13614
0x1aac ,46.73059
0x2e7d ,19.936676
0x65e7 ,19.259726
0x137a ,28.704453
0x89e2 ,35.14494
0xb193 ,23.052578
0x2802 ,23.542068
0x2f21 ,36.306534
0x8602 ,37.963776
0xe0ee ,18.976347
0xc4c1 ,20.042366
0x6cd0 ,27.19691
0x34ca ,33.129414
0x38f1 ,23.454975
0x90fd ,17.06523
0xd887 ,36.3721
0xa933 ,22.625248
0x24ec ,25.647701
0x25f6 ,46.176987
0xa011 ,22.165083
0x8f5d ,38.73369
0xd33a ,26.463398
0xad98 ,17.974773
0x4e6f ,17.206541
0x266c ,31.695873
0x6cb6 ,36.27662
0x37f1 ,14.351072
0x3423 ,21.797907
0x9fd2 ,18.892485
0x76f3 ,28.672726
0x34d0 ,19.14626
0xd11e ,17.463842
0x6d3b ,36.380913
0x2486 ,25.472118
0x69cd ,18.996359
0x96f7 ,28.719015
0x4a6d ,21.95148
0x151f ,31.098389
0x7f89 ,35.527905
0x4139 ,27.645954
0x5af1 ,27.182413
0x53f8 ,19.337112
0x965c ,20.99815
0x8334 ,24.06415
0x1cb3 ,21.816402
0x3ce0 ,28.667915
0x95a5 ,25.722372
0xa23a ,44.22915
0xb337 ,22.373528
0x3d30 ,29.851713
0xc2c ,19.969849
0x8c07 ,22.743475
0x9d50 ,27.77833
0x18e9 ,47.7979
0xb2a0 ,19.868305
0x5c35 ,22.616968
0xd02 ,22.12328
0xd272 ,43.603687
0x868e ,37.83311
0x4c22 ,21.243002
0x436d ,49.412006
0x147e ,20.588247
0x24b2 ,30.825394
0x7dc8 ,34.019913
0x4800 ,27.309458
0xb983 ,30.437826
0x6d1e ,48.57587
0x4f22 ,32.573353
0x8c45 ,37.706802
0xa5ed ,32.3055
0x580a ,38.708984
0x1555 ,27.503555
0xaa2e ,22.23433
0xb58c ,15.680752
0x736e ,24.345716
0x5325 ,33.73575
0x31ff ,29.388248
0x39e0 ,23.095165
0x2bc6 ,40.005047
0x44c4 ,15.633049
0x60d0 ,30.204678
0x814e ,17.6229
0x97e ,10.194833
0x36a9 ,15.042303
0x9834 ,30.916128
0x4f7d ,18.927006
0xb405 ,37.745235
0xaa1e ,43.770252
0x4a42 ,23.472734
0xe070 ,20.648293
0x2eaf ,19.958187
0x88e6 ,37.368095
0x717f ,17.44066
0xaa90 ,23.519478
0xb9a9 ,30.80164
0x27ba ,46.303318
0x20e6 ,23.422668
0x6ec7 ,22.091139
0xd632 ,17.737217
0x9ddb ,29.2489
0x1a3b ,27.964554
0x8089 ,38.270744
0xdcf0 ,13.66716
0x9cdb ,16.384764
0xb825 ,33.974884
0x9ae8 ,21.766764
0x6437 ,22.714405
0x9f78 ,23.57033
0xda10 ,19.269852
0x980d ,26.44417
0x97a ,35.280354
0x882e ,25.578722
0x78de ,20.195807
0x8b5d ,24.200365
0x2fa0 ,21.227612
0x83cb ,27.24362
0x253a ,35.136906
0x4633 ,38.38458
0xa885 ,22.835695
0x7b02 ,46.593796
0x89f4 ,19.38685
0x38a8 ,21.977074
0x4b5e ,23.289303
0xaf9e ,34.21855
0xc0c ,27.677513
0x90ca ,16.525074
0x7aec ,22.0502
0x3a36 ,27.946367
0x6f4d ,28.3888
0x3d39 ,19.823273
0x3978 ,25.555723
0x643b ,19.990396
0xcf81 ,29.330776
0xc8de ,18.38881
0x469a ,27.603773
0xc9db ,16.106466
0xcfa0 ,24.003742
0x5b55 ,23.082375
0x3403 ,20.043222
0xd19c ,27.17517
0x7779 ,32.116146
0x5608 ,23.953
0x9856 ,33.96443
0xd4f0 ,24.415947
0x3293 ,39.539055
0x84c0 ,27.124475
0x87db ,22.970623
0x5535 ,21.413427
0x4d1b ,35.313465
0x92e2 ,39.63591
0x26b3 ,50.32731
0xb47a ,17.108854
0x2a2e ,21.596071
0x78f7 ,38.3289
0x48d1 ,21.666592
0x34a0 ,37.285343
0xd6a ,41.634846
0xd075 ,14.055839
0x739a ,38.980526
0xb488 ,40.03715
0xc86c ,23.27967
0x60da ,19.281279
0x6794 ,26.552927
0x9171 ,41.062275
0x90b9 ,21.21408
0x360e ,22.380983
0xcc73 ,22.651606
0x5db4 ,21.951101
0x2f76 ,20.144522
0xca5a ,33.28949
0x1520 ,19.253603
0x22bd ,18.83531
0xc4ab ,26.348557
0x9ab9 ,30.545803
0xc2af ,20.153551
0xda61 ,37.355167
0x92fc ,34.6985
0xc99 ,21.188198
0x7df7 ,35.22347
0x38cc ,23.2325
0xca70 ,23.091118
0xd948 ,26.527493
0x5e5e ,22.111101
0x2d4b ,22.03841
0x58b9 ,19.243824
0x8712 ,33.72087
0xdddc ,22.500978
0x4346 ,20.34566
0x6344 ,34.876633
0x50ca ,33.269558
0x6cc0 ,21.428316
0x351d ,16.198843
0x98b ,27.367237
0x4cb1 ,30.38412
0xd8ff ,19.146263
0x9191 ,36.42851
0x780 ,31.9242
0xa055 ,16.1153
0x950c ,40.680046
0xc3f0 ,36.83084
0x5ad1 ,30.52283
0x411f ,15.616346
0xb4b4 ,21.34653
0xa4fd ,16.135056
0xa482 ,22.061304
0x8ed9 ,13.800301
0xa1ca ,29.524326
0x45d8 ,21.099798
0x185b ,37.099
0xc66 ,22.108484
0xae5e ,21.046696
0xa6f ,27.819077
0x7833 ,17.387499
0x52ea ,25.26391
0x26bf ,22.347834
0x6b9a ,39.40488
0x3df5 ,24.078808
0x76f0 ,40.858986
0x5e59 ,36.49923
0xb80c ,26.924221
0xd1c3 ,19.96689
0x9101 ,27.674675
0x987c ,37.682617
0x48e0 ,16.984173
0xb5f ,27.803865
0xd2dd ,15.167411
0xcfe0 ,24.773865
0xc5a9 ,18.936995
0x977 ,26.43066
0xc953 ,26.237293
0x9284 ,19.092693
0x23bb ,20.745512
0x1c1a ,30.87599
0x1ed0 ,22.87644
0xa492 ,35.573326
0x12cd ,22.529661
0x8549 ,17.44066
0x15e5 ,37.59581
0x14be ,25.249466
0x9d1b ,26.200897
0x8732 ,27.24194
0x1593 ,27.797562
0x6916 ,24.4893
0x1f24 ,14.100152
0x5bf8 ,36.211334
0xaeca ,36.167305
0xa336 ,25.891697
0x48ff ,34.391197
0x276d ,25.626972
0x7007 ,37.111313
0x3512 ,38.73369
0x702a ,23.36645
0x5c5f ,41.160637
0x7d21 ,34.37844
0x14d2 ,44.941185
0xa07b ,23.122297
0x5ef1 ,30.911995
0x8c2f ,25.15512
0x8e4f ,23.336412
0x8df3 ,26.129429
0x705f ,25.648048
0xa985 ,33.906796
0x9e55 ,27.049112
0x7d13 ,28.424324
0xbc67 ,26.97066
0x7484 ,14.933638
0x9477 ,21.260017
0x81ca ,31.081802
0x8d82 ,30.414412
0x8dad ,37.682617
0x61f7 ,22.384916
0x7d9e ,21.325127
0xcf9e ,23.336412
0xcdfd ,15.733077
0x3a55 ,14.567086
0xc1a0 ,14.714166
0xbe3a ,22.26534
0xa9d4 ,37.479595
0x9b3b ,20.627237
0xbb47 ,17.171604
0x5920 ,22.98295
0xaae1 ,25.587072
0xa9e6 ,19.746643
0xb28c ,14.0971365
0x356e ,23.56602
0x90c9 ,26.425205
0x2871 ,22.337196
0xa7f ,34.191982
0x1d48 ,24.510597
0xb86b ,34.628696
0xbd21 ,30.264856
0x2592 ,21.260017
0xd543 ,24.510597
0x568a ,18.972576
0x8a68 ,28.392426
0xd8d7 ,48.092037
0x52f9 ,26.719969
0x672f ,23.18853
0xc7a1 ,21.482574
0x27b9 ,38.06965
0x24e1 ,16.173532
0xacc6 ,38.688072
0x8d0e ,21.277864
0xb797 ,14.782497
0xa53d ,25.46773
0x5e86 ,20.437845
0xd5bd ,30.8063
0xb014 ,20.094498
0xb2a2 ,36.357113
0x8f22 ,19.795433
0xabac ,34.195072
0x59fd ,41.078197
0x8062 ,32.804996
0x4e5b ,16.313456
0xdaa7 ,27.171337
0x3b26 ,23.488125
0x2ea5 ,22.0502
0xdb53 ,40.236275
0xae45 ,29.51894
0x7479 ,19.565369
0x3224 ,16.26992
0xd043 ,21.466372
0x6792 ,36.47248
0x5446 ,36.29768
0x6541 ,16.7059
0xdf98 ,34.43808
0xcfe6 ,34.998955
0x34f5 ,26.121614
0x56cd ,34.817818
0x1f39 ,16.801342
0xda04 ,28.641504
0x96cb ,25.730635
0x1ad8 ,31.020544
0x9c86 ,27.55514
0x8509 ,22.020967
0x5a21 ,20.987297
0x8a94 ,38.20752
0xb19b ,23.082535
0xa2c8 ,26.42191
0xdfdd ,16.718458
0x6982 ,41.077305
0x53b9 ,22.342392
0x4c77 ,37.939438
0xb7c4 ,39.247536
0xde0d ,27.906254
0x145e ,23.460241
0x8e75 ,14.911594
0x6fa5 ,41.129772
0x2469 ,22.705332
0x658d ,38.055122
0x5da9 ,13.925509
0x3c58 ,15.915578
0xa50d ,21.320738
0x7361 ,26.106016
0x2b9e ,32.846104
0x9a6f ,19.009605
0xb88b ,36.3963
0x4e8a ,18.980154
0xa439 ,44.22915
0xe93 ,30.204678
0x8150 ,26.718376
0xe3e ,30.348497
0xaad0 ,41.427956
0x6cac ,22.101469
0x7ba2 ,34.02082
0xbbd9 ,22.091139
0x5eb2 ,28.440226
0xbad5 ,25.775934
0x8500 ,30.795383
0x8489 ,38.980526
0x51bf ,24.711746
0x8dd0 ,38.313118
0xddcc ,23.424406
0xa89 ,23.130753
0xa976 ,26.750278
0xcb5e ,23.012089
0x864a ,26.348557
0x243a ,34.39383
0xdeb1 ,22.783295
0x7ca ,17.109364
0x2448 ,15.746618
0xd2f9 ,15.598289
0xb7b5 ,17.091425
0x4782 ,21.974983
0x551c ,21.169483
0x49a8 ,24.350618
0x143d ,19.63485
0x1d00 ,38.202873
0x6c7d ,23.664686
0x455f ,33.33176
0x14a0 ,20.347486
0xd479 ,14.703458
0xcff3 ,38.909065
0xcb39 ,23.428926
0x7cae ,20.166351
0xb9c9 ,38.655037
0xd27e ,22.245396
0x3b36 ,27.06199
0x5dd4 ,21.407219
0x31a4 ,17.909534
0x8395 ,16.698547
0x3f47 ,38.937595
0x1f9a ,19.600039
0xb2fc ,30.092686
0x3df9 ,32.060413
0x21e0 ,23.212046
0x1198 ,16.105684
0xe0f0 ,38.909065
0x54d1 ,17.94639
0xaead ,21.811636
0x4af4 ,22.252937
0x6c20 ,37.97836
0xc5de ,14.070115
0x990 ,20.711407
0x3edd ,21.903055
0x3617 ,19.229416
0x3112 ,15.765726
0xc493 ,39.300262
0xbfc6 ,19.91417
0x5ec4 ,16.032528
0x9d2a ,22.301765
0xd697 ,46.56758
0x41e8 ,24.500183
0xcf31 ,23.841818
0x7fce ,19.77857
0x8e72 ,22.172794
0x2d16 ,38.313118
0x386b ,11.989009
0x4d62 ,36.398594
0x4f27 ,27.137653
0x6848 ,24.763746
0xd062 ,20.347486
0x11b1 ,23.17736
0x3350 ,26.187294
0xcc9a ,21.410612
0xa43b ,24.711746
0xd619 ,19.278585
0x9b25 ,25.72484
0x3417 ,23.439585
0x532f ,17.387499
0xa242 ,24.459955
0xc217 ,16.058664
0x54f5 ,21.960793
0x2d6e ,16.149551
0x620f ,38.957314
0x5b61 ,28.813698
0x91e4 ,21.268517
0x2466 ,35.331688
0xb746 ,30.501978
0x8ae6 ,30.764135
0x8440 ,32.861294
0x19e9 ,31.629395
0x9f83 ,36.065594
0x109d ,16.62777
0x3322 ,23.454975
0x27d2 ,39.361103
0x2cbd ,28.287268
0x6f22 ,15.385132
0x11bb ,12.025339
0x9bf3 ,19.791561
0x2eaa ,27.398367
0xe44 ,30.515888
0x4ec5 ,34.024956
0xac23 ,23.305025
0x83ab ,21.00908
0x46a6 ,25.730906
0x832a ,36.83642
0x10c2 ,28.404325
0x8efd ,17.428036
0x8918 ,18.188038
0x6f32 ,33.201733
0x18a4 ,27.182413
0xc41b ,16.203102
0x9335 ,38.749077
0x14f2 ,22.068884
0xdec5 ,19.931982
0x323f ,16.44108
0x71ca ,19.146263
0xc691 ,30.911995
0x1ef5 ,23.17736
0xd9bb ,40.110844
0x6c29 ,38.205013
0x920c ,27.908276
0x9428 ,21.52837
0x6285 ,34.680035
0x40f9 ,16.84956
0xc6b0 ,27.309458
0x1c10 ,24.20355
0x393d ,30.05673
0x9844 ,46.02862
0xdb65 ,27.060143
0x8c9b ,36.28777
0x4704 ,37.101246
0xc57e ,26.11192
0xc1c2 ,20.117155
0x30f7 ,23.123024
0x5f34 ,37.759293
0xf3c ,34.754402
0x6bd9 ,25.039087
0x8c13 ,38.909065
0x6565 ,36.024586
0x5de4 ,15.435567
0x3c9d ,24.768976
0x9393 ,34.628857
0xdba4 ,23.427092
0x4ba7 ,33.32037
0x1c5e ,34.03988
0x28d3 ,23.0571
0xd96b ,20.563726
0x57bf ,34.091373
0xd489 ,22.452148
0x6866 ,23.248194
0x865a ,23.437044
0x63c6 ,23.231468
0xcd26 ,43.035866
0x4ed9 ,35.548717
0x888c ,32.487427
0xc034 ,16.26992
0x4d42 ,22.048695
0x125c ,21.951681
0x6503 ,16.76245
0xcb0c ,15.727694
0x1896 ,41.078197
0xa269 ,19.505812
0xbfb8 ,22.048254
0x6100 ,35.167343
0x190b ,14.436148
0x6dc8 ,22.055012
0x7583 ,24.73247
0xb9c8 ,19.129974
0x9103 ,23.584436
0x4643 ,30.437826
0xdd10 ,32.66144
0x3aaa ,26.494122
0x8398 ,12.988582
0x2638 ,31.9242
0x87f6 ,17.287727
0x91f1 ,23.337006
0x509a ,26.212252
0xbbb4 ,30.062128
0x6495 ,13.8248625
0x3ca0 ,31.645515
0x6c02 ,15.6625395
0x9c02 ,15.098253
0x5299 ,24.529388
0x8e55 ,26.2122
0x5a92 ,17.490885
0xa84b ,23.875217
0x7ed5 ,27.182413
0x1b2b ,16.172043
0x155d ,27.910612
0xb9d6 ,17.556072
0x1fa0 ,23.892786
0x249c ,18.169737
0x864b ,44.278862
0xb8c0 ,38.570305
0x2df1 ,38.909065
0x3249 ,29.961977
0xbbab ,40.10163
0xb22 ,21.173038
0x19e1 ,35.524227
0xdc5e ,23.135065
0x807e ,13.264415
0x482f ,27.24194
0xd261 ,20.491215
0xa3b0 ,23.248312
0x41c6 ,28.717182
0xbba4 ,38.235546
0x171a ,19.146263
0xc0cf ,25.43728
0xdc18 ,37.549934
0x1ce0 ,24.060377
0x9364 ,38.749077
0xc0dd ,29.086725
0x10d1 ,19.576075
0x189a ,41.62825
0x7234 ,19.505812
0xd39 ,19.247772
0xb0b4 ,16.656044
0x22bb ,26.363947
0x1488 ,29.762186
0x7090 ,19.763977
0x97ab ,29.146067
0x1847 ,19.77857
0xb1d8 ,32.869804
0x50ef ,29.704973
0xcbbb ,36.350998
0x74d7 ,25.834074
0x4b00 ,22.761423
0x6dbb ,23.55854
0x2be7 ,19.30227
0x313d ,24.143532
0x8568 ,23.428926
0x26ee ,19.76318
0x4818 ,21.996136
0xa6f1 ,37.87731
0x75a4 ,34.19738
0x176b ,20.288082
0xbb4d ,24.51452
0xbe41 ,24.053007
0x61ed ,23.06258
0x2594 ,25.290047
0xdb7b ,28.719015
0xb327 ,17.311045
0x69f1 ,13.412286
0x2d2d ,15.598289
0xd8cf ,17.501541
0x8e28 ,21.272036
0x81a1 ,23.601995
0xee5 ,21.753014
0x718a ,29.697542
0x717a ,31.668594
0x2c53 ,16.646578
0xd41b ,27.84873
0xb42f ,45.660984
0x287e ,23.99648
0xa66b ,22.418663
0xd1d6 ,19.763977
0xafae ,24.970846
0x6737 ,33.62716
0x8628 ,34.11331
0xd3d1 ,16.258003
0x2931 ,24.31176
0x5b1d ,33.260025
0x8ef7 ,22.302435
0x82e3 ,36.6472
0x2bf5 ,21.600727
0x84a5 ,36.318638
0xdff2 ,22.077353
0x5f5e ,30.204226
0x6bf5 ,23.204489
0x2fe6 ,18.805033
0x749b ,16.36375
0xd06c ,18.972584
0x774e ,26.9444
0x9430 ,22.158096
0x2e76 ,26.348557
0x463d ,27.08618
0x8dfe ,41.50942
0x8658 ,21.260017
0x2661 ,25.656523
0x6cc3 ,47.654953
0xa668 ,29.72129
0x4c11 ,23.719103
0x9253 ,13.277687
0x3f48 ,27.056957
0x85e9 ,21.89735
0xa3e9 ,27.13809
0x4c48 ,39.367886
0x6a60 ,20.108343
0x13c2 ,21.994455
0x6c2c ,22.126753
0x51d4 ,22.736967
0xbd0d ,25.728596
0x1fbe ,15.278458
0xe092 ,20.252186
0xc867 ,22.45933
0x64e1 ,23.365133
0x862a ,19.749569
0x1d9e ,27.520218
0xbfe9 ,36.28887
0xa3f4 ,23.337006
0xccfb ,21.279161
0x2726 ,28.832373
0xc5bf ,15.003081
0x854f ,33.974884
0x5153 ,36.044098
0x7f4a ,22.727303
0x40d1 ,15.183209
0x2d12 ,36.54272
0x1cf9 ,19.32059
0x7334 ,15.137604
0x1553 ,25.272787
0xd70a ,24.584175
0x495c ,34.092285
0x7fd ,22.115458
0x9051 ,36.443897
0x4989 ,28.663353
0x99b0 ,39.403427
0xb3c ,18.169737
0xb569 ,16.396767
0xdb77 ,22.748617
0x79e7 ,22.803965
0x1c3b ,19.080088
0x87b9 ,15.756065
0x7186 ,16.153248
0x442e ,30.671572
0x116e ,21.559652
0x3cdc ,27.109728
0x932e ,14.277441
0x2728 ,33.590485
0xac7a ,27.026234
0xa06f ,23.407913
0x943a ,24.171906
0x4db8 ,29.111162
0x9991 ,33.455574
0x5124 ,26.369707
0xc7b9 ,31.01031
0x8ab5 ,36.828194
0xe08c ,23.132437
0xcf3b ,18.116167
0x208f ,42.721832
0xd0ff ,34.39383
0xca8d ,44.211914
0x1a6a ,28.067913
0xd4bc ,23.172321
0x177a ,13.453181
0xabff ,26.363947
0x4564 ,39.469166
0x4ff5 ,15.633049
0x229a ,15.775984
0xcc9c ,24.068209
0x59fb ,23.168325
0xa3c2 ,23.223217
0xaedd ,38.708763
0x95ae ,15.590419
0x1937 ,27.056957
0x876f ,44.22915
0x2bbf ,24.690302
0x8fcf ,39.536907
0xb093 ,28.705973
0x4af7 ,18.009459
0x89ce ,31.9242
0xd9dd ,23.382874
0x5c88 ,31.081802
0x1e7a ,26.464655
0xd2c ,21.94211
0x95e0 ,24.98656
0x379c ,20.84209
0xd00e ,19.212374
0x2152 ,38.627007
0xaaa9 ,19.868359
0x93d2 ,30.062128
0x7138 ,30.230455
0xa3ee ,23.328308
0x7dc ,29.031454
0x601a ,38.909065
0xc3cc ,23.472773
0xfb7 ,29.747515
0x36d3 ,21.626598
0x335b ,13.150869
0x1cd5 ,26.199902
0x204c ,24.612759
0x4154 ,17.34325
0x5a27 ,23.081038
0x7c6c ,15.378526
0x7c1a ,33.33176
0xa878 ,26.896006
0xe24b ,19.54558
0x49a3 ,39.49148
0xd881 ,33.1403
0x63ca ,19.921087
0x6b7c ,32.561813
0x1697 ,15.715677
0xda3c ,23.350471
0xc17c ,23.38184
0xe1f2 ,19.722225
0x86b3 ,38.16755
0x81bb ,22.329649
0x1580 ,30.207582
0x7643 ,21.825306
0x3a6e ,16.672474
0x20db ,29.415089
0xc4a1 ,24.711746
0x51fc ,46.560158
0x6652 ,14.683776
0xabf6 ,32.071693
0x87ff ,24.577997
0xdc6d ,15.87266
0x9df8 ,36.672535
0x43cd ,38.202873
0x4bdb ,17.469099
0x3c31 ,34.99249
0x54e2 ,26.348557
0x1d98 ,27.171337
0x71b9 ,26.452295
0x32e9 ,34.935246
0x7c44 ,23.38184
0x3ca6 ,25.05408
0xc74 ,19.410366
0x8f24 ,19.22188
0x44bf ,22.06061
0xca5f ,26.958715
0x58c0 ,21.288614
0x29ea ,26.461332
0x8595 ,34.5458
0xcfd ,22.168003
0x1ff7 ,15.760909
0xcc67 ,18.93015
0xdb37 ,30.442434
0x5749 ,21.606926
0x3585 ,17.844954
0xdf6b ,33.704025
0x202a ,37.160534
0x460b ,37.803806
0x3440 ,38.708763
0x3f96 ,23.39129
0x5baf ,22.963179
0x9761 ,31.93959
0x7566 ,21.951004
0xad14 ,30.911995
0x97ac ,38.909065
0x659 ,34.954132
0x3a05 ,23.11499
0x41e7 ,20.752043
0x43c1 ,21.420618
0xcfa6 ,15.633049
0x54df ,19.017262
0x1dcc ,22.113167
0x61c1 ,25.99189
0xa8a8 ,21.994106
0x9e7c ,15.04965
0x60af ,15.064505
0x7b18 ,21.993776
0xe1f9 ,21.231722
0x4698 ,22.565155
0xa5fb ,21.090822
0xca20 ,50.13772
0xd06d ,26.251848
0xc038 ,23.543274
0x15d1 ,17.244375
0x3dac ,36.635303
0x9a0e ,18.010408
0x7853 ,33.956245
0x12c6 ,23.0602
0x6e39 ,24.859243
0x4fea ,38.84862
0x25a7 ,17.42382
0xcad3 ,21.549591
0xb8d5 ,34.90161
0x5111 ,28.744154
0xd7ac ,28.610922
0x24f9 ,21.510412
0x1a15 ,27.300507
0x6750 ,38.909065
0x8394 ,21.92888
0x71da ,23.102663
0x9b3f ,22.091139
0xe071 ,39.149918
0x7399 ,19.950518
0xa615 ,22.616
0xaebb ,34.78073
0xb7e3 ,21.229467
0xe1dd ,20.903902
0x6de ,24.606565
0xd752 ,26.321907
0x21e1 ,33.69071
0x88e2 ,21.923452
0x175e ,34.37844
0xc06f ,38.00839
0x86d8 ,23.018559
0xdd11 ,20.738998
0x6af1 ,19.586805
0x3172 ,35.863907
0x69e5 ,26.082088
0x33a1 ,25.642794
0x27c7 ,27.742825
0x531a ,35.985912
0x3747 ,22.000954
0xbcd9 ,35.27992
0xc099 ,24.905989
0xdbfc ,22.167912
0x62a6 ,28.425312
0x2ae0 ,32.085423
0x1ac5 ,38.68759
0x6f21 ,23.144958
0x3429 ,19.573784
0x8255 ,20.109941
0x760c ,22.705332
0x2547 ,18.049992
0xa581 ,22.937105
0x2399 ,34.114212
0x1449 ,16.582382
0x9126 ,14.258228
0xc17e ,26.108
0xce6c ,33.426834
0xc95a ,23.082375
0x7a07 ,23.18759
0xde09 ,17.141777
0xdbf6 ,17.511635
0xb607 ,22.683544
0x8df8 ,21.325071
0xd414 ,14.3054085
0x3ccc ,22.659222
0xc3d4 ,34.727886
0x154f ,17.047123
0x1a8b ,20.744915
0x1878 ,21.457314
0x6b0c ,21.206741
0x7478 ,22.062534
0x14e7 ,36.413982
0x5f71 ,26.244835
0x5481 ,23.09996
0xd2ab ,20.848364
0x995d ,26.348557
0xd6ce ,26.090702
0xc50e ,19.505812
0x4000 ,23.278036
0x352d ,21.606369
0x97e5 ,19.505812
0x34a5 ,23.337006
0x8a09 ,39.64924
0x847a ,23.256523
0x2693 ,23.08041
0x72d4 ,15.757883
0xf3e ,37.984093
0x6ef2 ,38.313118
0xe183 ,31.608353
0x4ae5 ,45.02795
0x40e6 ,47.946545
0xb1ed ,19.77857
0x8d32 ,37.554115
0x83b0 ,39.33987
0x4bf2 ,41.05276
0x7c7b ,22.337196
0xccad ,14.479616
0xa12d ,28.940134
0x36f5 ,35.322506
0xde71 ,23.144226
0x144f ,49.891823
0xded8 ,36.924885
0x4148 ,27.16477
0xbd86 ,17.339634
0x7497 ,30.257885
0x2e97 ,40.55985
0x4507 ,35.530334
0x9b0 ,23.418848
0x6cb4 ,28.36662
0x951f ,32.99281
0xced8 ,26.61962
0x920b ,34.576553
0x36df ,24.981201
0xc54 ,35.66719
0x897e ,22.35376
0x81af ,34.538433
0x93c2 ,21.445923
0xa04c ,20.688084
0xb91b ,28.19909
0x2738 ,20.276693
0x7d5b ,33.88784
0x2e4c ,33.760868
0x4dad ,19.997013
0xd781 ,14.427527
0xa8a0 ,30.927385
0x130b ,22.2319
0x4941 ,15.390105
0x21cd ,21.40517
0x2a75 ,48.202938
0xd3ac ,22.413149
0xcef6 ,17.428036
0x410f ,22.986013
0x27f2 ,23.337006
0xb807 ,20.299385
0x3248 ,27.845192
0x3b38 ,16.999563
0xe0e3 ,42.455128
0xb912 ,17.7708
0x7525 ,19.551497
0x7037 ,18.228851
0xb7f2 ,31.9242
0x3a0f ,22.241758
0x437c ,17.12527
0xdba ,34.628696
0x35dd ,15.555658
0xda09 ,25.47166
0x9ee6 ,23.360086
0x3d9e ,21.469347
0x7697 ,17.327612
0x6d1 ,17.947355
0x8c1c ,35.002724
0xd95a ,24.071869
0x6bec ,24.711746
0xcf1b ,24.618156
0x9daf ,22.485117
0x77df ,21.507702
0xb538 ,35.348034
0xfc4 ,24.019438
0xd2e4 ,21.509949
0xd7fe ,28.59459
0xa7a ,17.244375
0xb16d ,22.29189
0x1eeb ,19.30002
0x7b83 ,46.446037
0x6ca5 ,35.548717
0x6fcc ,21.457827
0x9a2e ,24.249456
0xbde4 ,20.703512
0xa01c ,23.085825
0x3a5f ,34.77116
0xdd84 ,14.903375
0x3996 ,18.43302
0xd3ad ,21.82733
0x109c ,34.66323
0xae65 ,20.884132
0x4f6e ,28.704453
0x923e ,23.641918
0x27d0 ,15.748992
0xcffa ,44.43864
0x4c50 ,27.13809
0xcf67 ,21.410612
0x28db ,15.764737
0x3a0e ,26.208578
0x3ca1 ,23.308374
0x1ed4 ,26.527493
0x6052 ,22.798832
0xc988 ,20.314337
0xe0ec ,26.45956
0x7d04 ,44.30061
0xde13 ,35.523884
0x24e3 ,27.467009
0x697d ,23.785336
0xcc23 ,23.544502
0xa6d5 ,39.50144
0xd301 ,27.101513
0x72db ,15.558043
0x90de ,37.79627
0xbfa9 ,20.833221
0x2d9c ,21.450546
0xc47 ,30.161541
0x9b99 ,23.315008
0xd3bf ,41.191765
0x7b9f ,30.994919
0x2d9e ,13.19083
0x6bcb ,18.517996
0x5009 ,17.44066
0x96f4 ,16.440971
0x6109 ,33.683456
0x8aef ,33.410545
0x21b0 ,14.529371
0x52eb ,23.659765
0xd66a ,36.465294
0x7fad ,22.258232
0xb895 ,16.165829
0x7fd4 ,28.245564
0x76ff ,28.73018
0xa7d9 ,30.916128
0xcb96 ,22.761423
0x34ab ,17.458065
0x5d06 ,15.365955
0x33e5 ,21.227612
0xb89f ,13.429045
0x485d ,23.347183
0x4869 ,29.887222
0xb30d ,26.166988
0xd572 ,18.408833
0xeab ,27.055182
0xa63d ,27.690933
0x69dc ,36.443897
0x9071 ,14.798839
0xdec9 ,24.63432
0xa3fc ,24.580248
0x2085 ,37.56303
0xac85 ,26.363947
0xdbbb ,30.944012
0xa820 ,20.777966
0x5dde ,19.338076
0x7477 ,19.763977
0x83f0 ,14.029272
0x938d ,15.743323
0x5c4e ,23.09996
0x6032 ,19.384592
0x5d19 ,16.102442
0x3a93 ,19.920527
0xd47b ,20.563814
0xfb6 ,51.343113
0x8ec0 ,33.29909
0x80a2 ,22.435467
0xf57 ,20.077307
0x99ba ,36.52381
0xdb31 ,46.824856
0x9810 ,15.482176
0xafb6 ,28.391426
0x6072 ,16.523481
0x3c46 ,31.450645
0x2c8f ,21.63571
0x26ab ,26.66939
0x79a5 ,24.587704
0x341c ,36.692337
0xaac3 ,19.326458
0x3d1e ,24.53099
0xa594 ,14.20089
0x4b81 ,22.648733
0x944a ,36.361214
0x2d5c ,26.981594
0x9f50 ,28.181282
0xb055 ,26.021221
0xb2ee ,43.960785
0xe17c ,36.809746
0x8b59 ,26.363947
0x4543 ,22.350086
0xa7c7 ,27.837667
0xdea1 ,15.633049
0xa0e7 ,24.68607
0x9568 ,42.600716
0x2b7a ,24.51
0x2b75 ,29.099167
0x911f ,19.599445
0x6e94 ,22.518177
0x6685 ,30.341255
0xbc74 ,24.518782
0xb9b7 ,40.33302
0xc3fb ,22.179298
0x46c1 ,12.19343
0xd10d ,23.411701
0x509b ,36.45861
0xddaf ,26.14115
0xd6dc ,24.904556
0x9b0a ,25.246397
0xba61 ,29.798862
0xd930 ,39.130814
0xa5fd ,22.321272
0xc3dd ,21.947634
0x6458 ,20.552366
0x9c8d ,23.022339
0xd5f9 ,39.153664
0x5e81 ,22.56372
0xd443 ,21.622128
0xc49f ,20.43146
0x3ff0 ,26.107306
0x6d78 ,23.746744
0x126a ,27.259651
0x31ac ,21.464088
0xa4e2 ,24.146887
0xc5db ,23.256523
0x18f5 ,50.358555
0x29c8 ,27.571901
0x6ff9 ,25.106228
0xa633 ,17.924925
0x9bdd ,24.007406
0x58d2 ,33.99173
0x7308 ,24.755587
0xd458 ,24.059244
0xbd4e ,26.558994
0xcbb5 ,18.067196
0x915b ,18.295246
0xb96e ,30.468296
0x70ec ,30.062128
0xe13a ,26.189125
0x404c ,17.58596
0x2a7d ,21.54798
0x40a6 ,14.529371
0x9c7 ,34.561176
0x5742 ,21.0897
0xd3dd ,48.141132
0xcc05 ,22.445051
0xd792 ,24.13761
0xca1f ,35.277477
0xb824 ,44.580875
0x7c6e ,21.739273
0x23dc ,22.57064
0x7086 ,23.467518
0x5d88 ,16.728842
0xad70 ,20.083652
0xae71 ,14.151872
0x97ee ,23.382938
0xc327 ,14.758645
0x4a64 ,22.501154
0x7430 ,26.08025
0x7533 ,23.082405
0x7700 ,14.507493
0x6513 ,35.241386
0x342e ,27.14925
0x3e9f ,24.61263
0xbee5 ,24.078808
0xc052 ,34.922955
0xac96 ,17.05625
0xac72 ,33.95489
0x315e ,29.911463
0x3047 ,26.459072
0x85f6 ,43.297516
0xd074 ,26.348557
0x63ed ,21.815939
0x3031 ,30.958736
0x5ce4 ,19.746164
0xc178 ,13.018042
0x6129 ,26.20827
0xc20b ,28.415226
0x3e48 ,22.105747
0xc247 ,22.288902
0x4950 ,22.174566
0x6a38 ,23.208025
0x4910 ,30.229713
0x6feb ,17.30554
0x9a0a ,26.558994
0x16d4 ,31.749378
0x9329 ,22.09399
0x9a83 ,38.749077
0xe049 ,36.43897
0x2790 ,16.146862
0x3655 ,29.409838
0xc681 ,16.237492
0x1f0a ,22.410685
0x8b55 ,36.499733
0x96be ,23.019127
0x12df ,36.114307
0x7679 ,36.65907
0x9495 ,33.602192
0x8aa6 ,22.020967
0x5f20 ,36.281036
0xc293 ,19.304806
0xa6cb ,16.884668
0x74a7 ,34.020454
0x22d6 ,16.933321
0x3303 ,19.337923
0x8938 ,26.310276
0xcc57 ,19.997013
0x366c ,22.914585
0x6321 ,19.980904
0xb253 ,33.999977
0x710d ,26.533613
0xc1c5 ,32.28721
0x71be ,35.133846
0x26ea ,41.729618
0x8f97 ,26.942074
0xa605 ,17.463842
0x2562 ,20.38369
0xef1 ,32.663033
0x4cd9 ,19.083254
0xaa0f ,23.204967
0x26a1 ,16.485783
0x6469 ,23.27967
0x6746 ,20.687721
0x6c33 ,21.113323
0xc815 ,23.36645
0x7a3c ,22.976173
0xcec4 ,15.734246
0xb043 ,16.885595
0x5bfc ,19.746164
0x5dc1 ,13.923516
0x20a4 ,40.192413
0x8a36 ,22.181152
0xaa2c ,38.202873
0x14d7 ,19.316582
0x4275 ,26.480848
0x337d ,20.767273
0x6acd ,27.241486
0x1ad0 ,26.964424
0xb31f ,34.563652
0x743f ,14.817593
0x2a68 ,37.77189
0x6220 ,21.206741
0x9959 ,23.634474
0x1131 ,30.533346
0x87d3 ,15.365955
0x7f34 ,36.86412
0xdea8 ,41.607597
0xdd6c ,36.68767
0xba9e ,23.268965
0x227f ,19.847908
0x4d39 ,17.34188
0x1e44 ,23.337006
0x5002 ,25.630898
0x1cfc ,28.193935
0x7f64 ,23.32678
0xa717 ,29.37284
0x466f ,36.835278
0xbe71 ,25.819412
0xc65c ,36.11228
0xb0fe ,37.56302
0x1b90 ,14.100152
0x9643 ,16.212816
0x9ee8 ,24.424746
0xd742 ,22.496819
0xdda9 ,17.270788
0xcdbc ,26.965107
0x5c9e ,19.80868
0x3308 ,22.606577
0x1370 ,19.845049
0xc28d ,36.71568
0x193b ,19.146263
0xd658 ,45.853413
0x70e6 ,29.35395
0x9c0e ,20.344206
0x4fdc ,20.892395
0x5440 ,22.531403
0x247f ,21.988388
0x8910 ,26.61914
0x86ac ,21.005844
0x7fa6 ,21.554707
0x5428 ,44.982426
0x88e5 ,19.332718
0x3bd8 ,22.07474
0x20ad ,41.020145
0xd962 ,48.799095
0x384d ,30.437826
0x6959 ,22.395252
0xfa0 ,41.24338
0x2620 ,20.197445
0xd02d ,15.670179
0x954f ,23.2612
0x84c3 ,34.37844
0x8b58 ,21.552423
0xc91f ,34.54331
0x5f83 ,25.643759
0xc186 ,19.090912
0xdb4c ,22.617273
0x78db ,19.499277
0xd73f ,35.394302
0x5b20 ,25.72199
0x2c95 ,26.023935
0x956f ,26.647818
0x3eb6 ,11.883495
0xade3 ,20.697174
0x6e9c ,15.633049
0xd706 ,34.439003
0x30ef ,24.496923
0xb307 ,16.584484
0xd86f ,17.208027
0xbd31 ,18.169737
0xbc7a ,10.298109
0xc1f1 ,44.241703
0x27b5 ,38.642723
0x4f14 ,38.909065
0x4f31 ,21.406782
0xd197 ,35.006294
0xb377 ,45.1079
0xe122 ,15.108301
0x6d99 ,19.569542
0x1400 ,20.39112
0x4d81 ,27.094803
0x7b8e ,32.897343
0x3e42 ,36.0806
0x3188 ,16.26992
0x6ae9 ,22.937105
0x9645 ,14.925509
0x7e77 ,40.19757
0x9c83 ,26.409815
0x8205 ,35.10128
0xd128 ,15.598913
0xef5 ,14.219122
0x51e1 ,14.7617235
0xcc3b ,23.154646
0x3854 ,20.447823
0xbe1e ,28.719015
0xd2f5 ,27.19691
0x63fe ,24.69399
0x9e22 ,23.217035
0x3d99 ,20.35866
0x16e9 ,22.20817
0xb5d5 ,21.364298
0x76e6 ,21.426098
0x4307 ,21.754032
0xc860 ,21.149242
0xd2d0 ,22.020569
0xb136 ,43.830784
0x24c6 ,36.324482
0x852e ,23.719988
0x5bc5 ,34.84521
0x5827 ,25.432598
0x524a ,29.409838
0xa36d ,25.839247
0xe79 ,33.799866
0x9a95 ,29.15706
0x5b86 ,21.315426
0xbf67 ,14.584403
0x5ca6 ,26.433378
0xb0eb ,22.624966
0x2caf ,13.54841
0x906d ,22.020067
0x66c7 ,30.916128
0x6e54 ,37.58946
0x4ed6 ,25.52279
0x6d4d ,18.032684
0x4e39 ,26.204094
0x3126 ,37.03571
0x50e1 ,20.99815
0xa322 ,30.258045
0x4156 ,17.403614
0xbb1f ,21.677885
0xcab8 ,48.392727
0x9a6 ,19.518494
0x15b7 ,31.004074
0xb748 ,18.926353
0x5fc0 ,20.355686
0xd106 ,16.68134
0x13cf ,17.468937
0xb3bb ,40.664658
0x80cf ,37.66697
0x3cc3 ,23.915316
0xaf75 ,21.105099
0x7c6f ,27.237923
0xb854 ,19.949463
0x95ce ,26.094465
0x6085 ,20.698997
0xe1c1 ,26.976467
0xad1d ,18.004486
0x2ee6 ,28.190397
0xcfb ,28.580444
0xbdc3 ,30.313826
0x6c85 ,36.615345
0xd132 ,22.067703
0xca75 ,34.59564
0x4dcc ,34.833176
0xcc2d ,15.05016
0x40df ,17.511635
0x50c9 ,40.680046
0xa0fd ,26.444683
0x2f44 ,16.405497
0xe1cb ,40.226154
0x7176 ,36.459774
0xd981 ,14.889015
0x92ee ,30.182089
0x12fa ,40.371624
0x5beb ,22.19644
0x3d51 ,15.890649
0x996f ,17.32034
0x657c ,27.158772
0x1671 ,25.705538
0x77c4 ,27.172722
0x63c3 ,19.44525
0x56a8 ,21.227612
0xab2c ,20.726397
0x9c6a ,31.081802
0x7d52 ,37.71491
0xc7c9 ,26.576859
0x9563 ,47.391983
0x2be9 ,23.958742
0x5d8a ,36.398594
0xc5c0 ,42.593414
0x6cf6 ,27.539639
0xae4 ,40.280605
0xe9c ,33.683456
0xdb6a ,25.983604
0x31f2 ,27.105906
0x1d03 ,41.685516
0xc03b ,21.433222
0x1afc ,16.131475
0x130c ,38.147514
0x9268 ,22.011782
0xbae2 ,33.461464
0xcb40 ,21.963976
0x13aa ,44.18472
0x9b1c ,22.498882
0xb382 ,21.711666
0x9207 ,39.403427
0x5f53 ,36.50571
0x3e08 ,24.728096
0x535c ,36.354134
0xa902 ,19.10244
0xd9e8 ,21.21326
0x9852 ,37.40169
0xa596 ,14.984797
0x9933 ,21.79069
0x1041 ,25.998602
0xa6e6 ,36.76064
0xd7f0 ,36.473
0x5fc5 ,26.348557
0xd55b ,23.5335
0x2f6e ,37.94443
0x1f8e ,33.83233
0xb7e4 ,21.927464
0x615b ,21.626598
0x6fba ,29.407412
0xd603 ,17.541866
0x3122 ,36.443897
0xddc2 ,22.92913
0x4d04 ,17.206541
0xc09 ,21.968914
0xa127 ,22.706594
0x4a12 ,30.093552
0xe13c ,16.207375
0x795f ,16.00533
0xbdaf ,30.095375
0xc0f ,23.052578
0xb15b ,32.796833
0xbfd2 ,22.911127
0x3f72 ,21.32395
0xaeee ,12.96846
0x8c25 ,21.155222
0x9f9e ,15.774421
0xd199 ,33.163013
0xe1bf ,24.92168
0x57d6 ,24.263088
0xa853 ,20.276693
0x1a1d ,24.868681
0x9cf9 ,25.951721
0x8b64 ,26.396044
0x1f14 ,22.015692
0x10c8 ,25.577248
0x30c3 ,34.75016
0x7d78 ,28.63968
0xdbc8 ,16.711716
0x2255 ,25.017218
0x944f ,23.310017
0x2fe3 ,21.698788
0x83b3 ,21.951681
0xcc5a ,19.82688
0x24c1 ,23.89154
0x9129 ,19.23579
0x80cc ,22.311064
0xa973 ,11.855196
0x73eb ,26.350405
0xd83e ,30.204678
0xa361 ,25.249466
0x6cf ,19.21302
0x1dfc ,28.864634
0x646a ,15.706085
0x2572 ,22.02413
0xc433 ,24.37585
0x46af ,19.232733
0xfe4 ,33.455574
0x7d54 ,37.41567
0xb0a8 ,19.91417
0x4d11 ,28.476421
0x77b4 ,42.9359
0x240f ,22.233307
0x2edf ,27.72039
0xb550 ,22.023226
0x4bd3 ,19.359629
0x4536 ,34.954422
0xa94c ,15.561411
0x1297 ,28.51418
0x8f51 ,17.563677
0x1da1 ,26.981594
0x17f2 ,17.901281
0x224b ,37.302757
0x8f31 ,22.322151
0x30a5 ,36.57135
0xd6b9 ,21.231722
0xb72 ,19.763977
0x4bbd ,15.748992
0xb926 ,14.775159
0x4b13 ,39.50144
0xb886 ,15.633049
0x7eca ,22.384
0x179e ,17.06523
0x4da9 ,18.169737
0xbc56 ,21.507702
0xa7b7 ,23.052578
0x9b24 ,30.110628
0x6ee9 ,34.26521
0x5da1 ,23.89154
0x3ad8 ,30.092686
0x24b1 ,35.000294
0xb09b ,46.97501
0xb5a8 ,14.272411
0xa731 ,19.49869
0xd31b ,14.959906
0xc334 ,27.049112
0xdbe3 ,36.86301
0x76b8 ,19.783585
0x4677 ,22.004486
0x508a ,21.325127
0xb5c9 ,31.092121
0x59ec ,33.00588
0x9723 ,23.356817
0xa495 ,15.350306
0xb26d ,38.70445
0x9595 ,26.50878
0x1cc5 ,14.442864
0x1b0b ,18.427832
0xb838 ,26.601038
0xc521 ,20.288082
0xa4bb ,25.833979
0x25b0 ,36.146618
0xc68c ,15.037892
0xa082 ,26.286871
0x6466 ,43.849316
0xbede ,25.564455
0x5627 ,40.416927
0xc410 ,27.17135
0x2948 ,23.019127
0xcc2f ,24.748234
0x9ce2 ,22.510332
0xcac9 ,17.098476
0xd970 ,34.506046
0x8855 ,45.950634
0xdf19 ,44.23442
0x93a8 ,14.24654
0x634d ,14.048439
0x8a4b ,12.075066
0xd6e0 ,14.567081
0x5926 ,21.300692
0x9e8d ,36.27662
0x1202 ,21.882782
0x7632 ,31.01031
0x93aa ,19.99036
0xd923 ,24.584175
0x6112 ,36.870575
0xd88 ,22.798832
0x90e8 ,23.149153
0x8e83 ,21.275408
0xbfb7 ,48.514168
0x290a ,34.37844
0x519d ,17.29308
0xdc83 ,25.720991
0x97e2 ,34.019527
0x93ed ,28.385569
0x2361 ,24.156725
0x476c ,23.292284
0x98bc ,29.033852
0x6483 ,34.914978
0xa32d ,28.369125
0x6bb7 ,23.471174
0x198c ,18.007103
0x3775 ,40.395393
0x324e ,35.07439
0x600f ,14.758645
0x37ac ,20.55079
0xdc6f ,28.585451
0x37ad ,35.002724
0x7adc ,30.220068
0x34ba ,28.086765
0xd0f2 ,17.924925
0x7973 ,24.210102
0x6067 ,37.3
0xc1e1 ,41.060272
0x4b25 ,22.108484
0x5254 ,20.839104
0x9546 ,37.896137
0x8b44 ,16.096424
0x36c6 ,29.421398
0x2096 ,47.06153
0x9771 ,25.737211
0xc25b ,32.904568
0xbdfa ,28.669743
0x8b71 ,25.9542
0x47be ,24.264404
0xd647 ,36.29868
0x385f ,35.508587
0x715b ,21.493153
0xbc7d ,30.05673
0x1775 ,37.426487
0x68ef ,21.722807
0x991e ,25.426302
0x4f95 ,22.13614
0x85a0 ,26.518223
0x96dc ,42.109577
0x8979 ,27.346064
0x2066 ,21.34305
0x947e ,25.687891
0xf23 ,25.722143
0x6258 ,27.278164
0x97d8 ,24.188892
0x72a2 ,33.014797
0xd17b ,26.363947
0x3fcb ,17.22416
0x8098 ,30.911995
0x2854 ,24.73247
0x4a93 ,22.986013
0x1b7a ,33.754837
0x5999 ,17.909534
0x6771 ,19.648905
0x521d ,23.197765
0xe1a9 ,30.43924
0x2b9b ,20.322796
0x5159 ,31.608353
0xaf90 ,26.450615
0x1967 ,22.329224
0xd986 ,33.754917
0x2c4b ,24.727137
0xd91e ,13.424241
0x6370 ,37.453335
0xb8bd ,23.446764
0x91b9 ,17.227634
0xaaad ,24.724844
0x875f ,29.899305
0xa9aa ,47.391983
0xad7d ,35.511017
0x6adf ,45.243504
0x11ff ,26.320654
0x4478 ,38.237125
0x6cea ,23.32678
0xbfa4 ,30.176931
0xc5ba ,33.676945
0x28c8 ,20.038212
0x31dd ,15.273386
0xbc32 ,29.704973
0x3ad5 ,28.257708
0x6776 ,16.61731
0xe28 ,19.77857
0x3496 ,27.817652
0x8042 ,23.141138
0x7ce2 ,38.62706
0xd37a ,31.7968
0xd1b7 ,27.11406
0x267a ,36.3963
0x8a0f ,29.666016
0xd6cf ,37.370422
0xaea3 ,24.496923
0xd41f ,16.844698
0xc489 ,38.055984
0x54a0 ,36.42851
0xb8c6 ,22.429733
0x7e97 ,32.87358
0x8ab7 ,44.43864
0x6821 ,37.618137
0x8550 ,22.37007
0x9e0f ,13.936719
0x246a ,27.603773
0x29fe ,22.236837
0xc8b ,36.350998
0x2d20 ,27.976643
0xa70d ,15.969279
0x2147 ,30.230455
0xad80 ,36.425644
0xe1ea ,36.1385
0x4121 ,29.10895
0x9251 ,28.7072
0x8008 ,25.83475
0xcb7e ,16.718885
0xd9d4 ,24.267895
0x5639 ,26.363947
0x9efe ,27.166248
0x2160 ,35.444736
0x4aec ,24.928879
0x1fd9 ,20.665676
0x5508 ,16.580078
0x4457 ,20.84127
0x6d66 ,36.275814
0x84ff ,39.469166
0x72fd ,21.988348
0xc6d3 ,25.211695
0x1999 ,38.8761
0x9446 ,37.09066
0xc02b ,25.732315
0x995f ,19.996256
0x9d41 ,17.812098
0x44a5 ,30.204226
0xc44f ,33.32581
0x83ca ,21.373346
0xce56 ,20.359852
0x7313 ,30.515888
0x686c ,33.296352
0x2f38 ,21.521107
0x7608 ,18.939344
0x971 ,29.960732
0x9148 ,23.204693
0xa0f7 ,18.444624
0x2b54 ,35.071125
0xc85d ,20.696218
0x92f4 ,36.415157
0x25af ,21.121716
0x8499 ,21.554857
0xd4d7 ,39.3534
0x1181 ,48.254074
0xd507 ,23.372208
0x2dc1 ,22.074957
0x57e9 ,21.584833
0xad4a ,15.3161125
0xaa41 ,22.322105
0x3a84 ,21.584204
0x8b77 ,23.201733
0x91c7 ,22.24259
0xdc0b ,13.679738
0xd58c ,25.699612
0x534f ,38.390705
0x3e80 ,46.293022
0x43dc ,26.348557
0x640c ,29.565493
0x2408 ,33.683456
0x6363 ,18.169737
0x92a8 ,21.308289
0x346e ,21.266483
0x1c2f ,26.283213
0x2b12 ,22.285326
0x2385 ,29.409838
0x10ff ,24.06474
0xc0ac ,21.938158
0x2800 ,23.179007
0x8b3c ,38.30142
0xd437 ,18.007797
0xd563 ,14.782409
0x3220 ,49.153156
0x20f9 ,24.06415
0x8d3c ,21.269957
0xb336 ,17.127874
0x2efa ,18.003593
0x5185 ,19.271236
0x546a ,25.611593
0xd209 ,33.300995
0x182a ,38.749077
0xb0c8 ,22.32983
0x5238 ,14.536469
0xe068 ,29.926838
0x92ac ,23.227287
0x3132 ,38.73369
0x8068 ,42.11047
0x4c1b ,16.223675
0xbee1 ,16.884668
0x26f8 ,32.05631
0xa606 ,14.055839
0x100c ,33.974884
0x269b ,28.59856
0xcf39 ,23.599827
0xd040 ,20.946203
0xc9b2 ,27.34945
0xdb89 ,24.472887
0x5ce1 ,20.094622
0x6580 ,22.14763
0x9259 ,27.625528
0x16eb ,23.224615
0xd789 ,23.659765
0xb5ed ,22.775904
0x56c0 ,27.533543
0x1a5a ,25.819412
0x62b6 ,34.306908
0x8b95 ,23.516504
0xbb6f ,26.09785
0x3137 ,37.52498
0x853 ,16.800018
0xd310 ,26.358084
0xbd77 ,25.626223
0xa358 ,22.178623
0x2303 ,25.330145
0x5c26 ,26.15048
0x1865 ,23.483936
0x6da6 ,19.936676
0xc62a ,15.83411
0x2a33 ,35.0605
0x9f55 ,34.59564
0x41af ,35.18648
0x5cee ,38.653313
0x1e82 ,16.485783
0x306c ,26.423786
0xd9e4 ,23.93016
0x18a0 ,20.182913
0x95ac ,15.743323
0x2bbd ,34.143555
0x2650 ,20.890472
0x8ab0 ,39.09681
0x8f2c ,36.7141
0xa2a5 ,23.544502
0xb2d1 ,23.097765
0x1c5d ,36.398594
0x2481 ,14.822886
0xc622 ,22.051094
0xa418 ,16.64368
0xc9f8 ,19.216879
0x21bb ,23.848017
0xb8d4 ,19.745035
0x4f5c ,34.640522
0x9dfd ,20.610895
0x53ec ,30.916128
0xac0b ,26.16362
0xdfc9 ,34.12861
0xfd1 ,21.688972
0x1c31 ,17.909534
0x6438 ,25.540323
0xace4 ,27.242582
0x9af6 ,41.407703
0x7d3e ,26.518255
0xbcdc ,24.059303
0x1d69 ,19.148111
0xaf8d ,15.004151
0x9b63 ,20.970356
0x3fde ,20.640268
0x7aa0 ,22.081493
0x233e ,38.8761
0xf67 ,35.7195
0xd09 ,22.200747
0x6cd1 ,30.916128
0xaaf3 ,23.536345
0x55b2 ,36.512966
0x9cb5 ,17.208027
0x718e ,18.95051
0xd01a ,27.731985
0x2c6b ,21.95859
0x5f10 ,22.552353
0x5463 ,19.164968
0x6ae1 ,13.517835
0xc283 ,20.946522
0xd6f7 ,23.502308
0x2495 ,39.377613
0x4dc7 ,28.552053
0x85dd ,17.245825
0x3644 ,23.345146
0x770d ,40.784023
0x1a8a ,22.108484
0x81c9 ,37.272217
0xba6d ,21.306625
0x3a5d ,36.699978
0xd852 ,25.009981
0xced3 ,13.469801
0x30d0 ,23.123024
0x32fc ,32.46762
0x4f2d ,28.677498
0x4031 ,20.987297
0xfbb ,15.756065
0xa8a5 ,24.760715
0xc191 ,16.68138
0x1093 ,22.57388
0xae58 ,21.956078
0xca01 ,22.009577
0xd733 ,15.773176
0x6361 ,28.925667
0x4cd2 ,18.015526
0xb990 ,28.675203
0xbe6a ,32.406963
0xa54d ,23.278036
0x6b72 ,31.004074
0x13da ,29.799208
0x52ba ,20.274134
0x6591 ,33.31471
0xc558 ,22.65158
0x8db5 ,26.856058
0x9a5a ,22.510786
0x9600 ,20.936203
0x8ba1 ,26.757736
0x2856 ,30.20157
0xce62 ,26.363947
0x700e ,20.523584
0xc3eb ,20.114714
0x1fce ,42.89117
0xa5af ,14.091615
0xcd40 ,22.07684
0x8297 ,20.032984
0x64cb ,22.753717
0xa981 ,26.59019
0x1237 ,23.310017
0x29f8 ,35.186817
0x9a28 ,39.993122
0xac6d ,17.924925
0x2480 ,38.557888
0x1bc9 ,21.306625
0xdb22 ,24.078808
0xbc63 ,35.071754
0x926a ,26.363947
0x6f2a ,29.986183
0x9082 ,35.865906
0x648a ,28.552053
0x8432 ,45.199295
0xc09f ,29.65887
0x7251 ,30.05673
0x8b20 ,38.085037
0x2c10 ,22.150515
0x9f14 ,26.533613
0xb88 ,26.363947
0xaf36 ,39.715572
0xa909 ,36.440495
0xc0e ,35.0605
0xc9ca ,39.361103
0x1be7 ,29.113407
0x8b6a ,21.529045
0xd934 ,21.870358
0xa43c ,25.722143
0x9e8b ,44.125206
0xae3c ,16.989151
0x2c3c ,19.874218
0x9556 ,9.416189
0x1223 ,21.153006
0x2037 ,22.986013
0xca92 ,22.244116
0x2d85 ,34.092285
0x9263 ,20.907904
0x807d ,29.853045
0x416b ,31.645515
0x4d90 ,39.88141
0x8a13 ,28.430927
0xdefe ,31.004074
0x809 ,23.310017
0xa9f4 ,25.593567
0x1ef3 ,22.067703
0x393b ,20.99509
0x40ed ,38.494606
0xed7 ,19.245373
0xc1e4 ,23.488125
0xbd00 ,23.23285
0x6ece ,22.387484
0xb621 ,43.34277
0x6f34 ,21.306625
0xb53e ,17.44066
0xcd70 ,32.06883
0x71e5 ,30.8941
0x5547 ,19.922102
0xb8be ,27.13809
0x5ec5 ,27.633709
0xdbe9 ,22.970623
0x19b3 ,17.924925
0x215c ,21.173038
0x452a ,24.136642
0xd640 ,21.331007
0x7047 ,14.16511
0xa465 ,33.911907
0xdad7 ,39.746357
0x7c63 ,36.173813
0x9154 ,20.232904
0x5870 ,23.012089
0xaedf ,14.6410475
0xa6c ,27.171337
0xb486 ,36.565376
0xb497 ,19.33941
0x3b19 ,21.825306
0x8041 ,33.445847
0xe0d5 ,28.73018
0xcb6a ,24.069899
0x8e63 ,28.943123
0x7682 ,16.971338
0x171f ,22.05198
0xde1c ,29.296274
0xa2c5 ,21.000952
0xd856 ,23.161812
0xae05 ,22.526548
0x70a6 ,37.401173
0x6f01 ,39.608932
0x686a ,35.09794
0x5be7 ,15.633049
0x70fd ,19.152887
0x1c4c ,22.350431
0xc8c6 ,22.287823
0x1186 ,22.396374
0x8bed ,35.2176
0xd98 ,23.022339
0x5577 ,21.992628
0x6714 ,17.032824
0x6ce4 ,25.591618
0xdceb ,22.224533
0x6c04 ,24.057621
0x4ae1 ,21.316109
0x3094 ,29.315964
0x9ba8 ,48.877167
0xa69b ,20.257542
0x5a74 ,15.696548
0x7a40 ,20.232904
0x50fa ,24.727137
0x66ab ,20.2727
0x8b27 ,34.356094
0x317b ,23.391512
0xdae2 ,36.518364
0x5ecf ,22.07634
0x522c ,26.425205
0x2edc ,36.275814
0x9c94 ,23.439615
0x323d ,22.087357
0xbccb ,23.137491
0x2af0 ,34.0166
0x3b27 ,29.329987
0x952c ,19.297215
0xc3cf ,27.801506
0xcd67 ,15.743323
0x56da ,35.700134
0x2409 ,41.933727
0x789f ,32.31891
0x3058 ,23.085825
0x2d43 ,21.158491
0xbfe7 ,15.6625395
0x560a ,36.26898
0x801e ,13.695485
0xb947 ,30.161541
0xa622 ,23.472734
0x3866 ,21.298967
0xd98b ,27.750763
0x61f4 ,19.630035
0x4acd ,34.4026
0xd521 ,23.049726
0x5323 ,23.105358
0x3bc6 ,19.26751
0xa334 ,27.056957
0x9972 ,29.919077
0xfbc ,27.614466
0xcf2e ,19.479805
0x77b9 ,29.51894
0x8d6f ,46.542942
0x6964 ,15.773176
0x2bb8 ,13.406563
0xce31 ,25.476425
0x9bf7 ,30.204678
0xa763 ,23.052578
0x1949 ,47.664913
0x72a8 ,27.80803
0x5fb0 ,21.766764
0x4eff ,34.408985
0x5010 ,34.37844
0x98d6 ,40.260155
0xcea1 ,26.363947
0x473f ,19.228865
0x6b3c ,25.151182
0x15a6 ,19.781115
0x409a ,20.129099
0x6d08 ,22.471403
0xaeb7 ,25.062712
0xbe9c ,22.970623
0x6c84 ,33.3167
0xd769 ,34.444714
0x5799 ,23.302929
0xa9c5 ,22.546972
0x5bf9 ,22.498573
0x842a ,21.968914
0xabb1 ,38.28015
0xe1bc ,21.914223
0xa256 ,23.019632
0xa16a ,36.989365
0x511a ,20.706827
0xcdaa ,22.15788
0x1c8c ,22.032677
0x5c85 ,33.83233
0x2715 ,29.877045
0x4463 ,36.361214
0xaa48 ,37.61706
0xa86b ,18.408833
0x2bca ,24.738178
0xbbeb ,17.444912
0xc80e ,16.916721
0x3af2 ,38.556286
0x81cf ,22.576395
0xa1e8 ,23.220585
0x3ced ,16.6889
0x8a7d ,15.063702
0x68bf ,16.294556
0xb0ac ,19.146263
0x5a29 ,20.730349
0x5c41 ,29.526121
0x495d ,15.318206
0x7bd9 ,27.404636
0x16c7 ,26.033894
0x3d46 ,20.249016
0x61a6 ,22.028778
0x539e ,19.379866
0xbd1c ,21.941236
0xdba6 ,21.173038
0x361b ,19.313765
0x49b3 ,27.055182
0x3c84 ,23.021584
0x1d4d ,20.164026
0x9b7 ,24.711746
0x3bfb ,26.91861
0x4658 ,23.974562
0x1cba ,21.9232
0xc498 ,15.774421
0x45f0 ,45.862064
0x1912 ,14.856438
0x9c16 ,26.147738
0x7b73 ,22.095875
0x4589 ,29.370863
0x14d8 ,28.641504
0x35c1 ,22.953423
0x87e2 ,22.380983
0x86bd ,25.184412
0x90d4 ,25.063911
0x336b ,37.80037
0xc42c ,21.283075
0x7f72 ,20.160784
0x4fad ,20.849682
0x7ce0 ,20.85184
0x7863 ,28.622456
0x3622 ,24.090868
0x7272 ,19.304806
0x4027 ,19.317497
0x272a ,16.68134
0x3a38 ,35.304085
0xd7ca ,26.20031
0x1330 ,28.744154
0x7202 ,21.449703
0x9966 ,28.695253
0xc3d8 ,44.38604
0x4d97 ,20.257542
0xabdc ,21.097462
0x1ae1 ,26.348557
0xd891 ,15.26848
0x645e ,15.541575
0x7b82 ,30.280247
0x7bb9 ,17.415964
0xc89b ,22.428364
0x27f1 ,26.295109
0xa233 ,23.0571
0x49cb ,17.982466
0x6895 ,45.17334
0xa22 ,31.9242
0xacb6 ,29.657003
0xa202 ,35.352085
0x7041 ,21.397442
0xc7d3 ,23.171444
0xc6d ,24.9749
0x4e46 ,22.186636
0x9841 ,34.875877
0x53d2 ,21.397442
0xa849 ,21.083061
0x20a7 ,23.330816
0x1f5e ,21.498318
0x8246 ,32.91644
0x5859 ,23.924788
0xad1c ,29.432787
0x46a9 ,31.48652
0x3748 ,19.359629
0xd490 ,33.699097
0xdef5 ,34.89187
0x7a0f ,35.91323
0xd428 ,20.382797
0x441d ,28.79481
0x6990 ,39.51887
0x3ef9 ,33.9814
0xdd9c ,21.352966
0x4d86 ,21.139004
0xdaf1 ,17.884321
0x69c5 ,22.72924
0xc3b4 ,36.40976
0x4f07 ,30.453217
0x1d2b ,26.301668
0x7d40 ,36.662735
0xae94 ,23.23285
0x9c2b ,28.776363
0xc77e ,23.082535
0x5bf7 ,29.230766
0xa92e ,27.114754
0x54c9 ,22.86745
0xd2fd ,30.453217
0x36ed ,26.363947
0x87ec ,27.026234
0x87f7 ,25.099306
0x288d ,29.87919
0x82b9 ,19.917467
0xbe64 ,30.062128
0x15a2 ,37.672386
0xc3fd ,39.84874
0xa183 ,13.470504
0x55c6 ,16.892986
0xb2bf ,21.228384
0x19f5 ,38.749077
0x9a67 ,37.52498
0x49f5 ,36.231785
0x27df ,20.672937
0xf4c ,37.063446
0x2194 ,23.310017
0xcd71 ,20.14414
0x1728 ,34.019913
0x4c1e ,25.942785
0x3945 ,15.730271
0x60cb ,47.84711
0xc926 ,22.392925
0x5208 ,38.133175
0x9a27 ,19.17644
0xb1ad ,30.05673
0x621c ,17.72712
0x6f12 ,28.806202
0x67a0 ,21.947634
0x8bd1 ,11.447729
0x6bad ,21.312624
0xf93 ,17.924925
0x611d ,19.586805
0x9c4b ,36.560326
0xde1e ,18.37977
0x8f08 ,28.60823
0x9f81 ,19.841085
0xdc73 ,16.094069
0xd57a ,18.227524
0xd13e ,22.092844
0x5470 ,27.173424
0xa59d ,22.827047
0xadba ,38.980526
0x8ea2 ,21.393057
0x811d ,25.007534
0x3702 ,38.1654
0xab4e ,18.020498
0xc46f ,21.226404
0xc613 ,24.146887
0xc245 ,39.185696
0x84aa ,22.74115
0xd9ee ,23.298475
0x185c ,17.763216
0x8dee ,21.362118
0x8291 ,32.792957
0x96d ,27.299398
0x611a ,21.364033
0xcadc ,26.256332
0xba83 ,28.980913
0xb2d9 ,17.399633
0x4b65 ,26.916433
0xa066 ,34.899292
0xb9e8 ,21.54798
0x7e35 ,38.9028
0xacc5 ,36.586857
0x9cc0 ,20.792694
0x2561 ,23.144226
0xc59 ,27.910168
0x3531 ,14.293031
0x7e49 ,26.327026
0x6f72 ,23.337006
0xa169 ,26.348557
0x6946 ,17.262672
0x91d9 ,51.20907
0x697c ,25.281607
0x8808 ,36.379845
0x1210 ,25.722143
0xddb8 ,30.176931
0xb686 ,28.610922
0x6239 ,31.9242
0xae0 ,37.533794
0x330a ,29.881903
0xdd3e ,38.490532
0x760d ,26.452324
0x7b64 ,14.182819
0x62f4 ,22.239672
0x8501 ,14.100152
0x6bf8 ,25.632393
0xd6b4 ,23.012081
0xcc20 ,23.042398
0x938c ,24.499697
0x565f ,23.367796
0xd98c ,34.371483
0x8ebf ,21.025143
0x72e1 ,20.376493
0x695e ,26.734833
0xd8d9 ,31.020271
0xab22 ,19.28991
0x8b9a ,21.339472
0x7d1f ,18.040203
0x5510 ,21.260017
0x95ab ,28.180119
0x52db ,23.043211
0xcd4b ,23.491062
0xb23 ,14.773507
0x4d88 ,22.084202
0x960b ,22.672876
0xb131 ,23.37624
0x64fb ,24.703417
0xce1c ,22.396374
0xd157 ,34.64015
0xb1f4 ,28.372707
0x7e48 ,19.763977
0xdf89 ,16.152723
0xa972 ,20.347486
0x6a3e ,28.982977
0x3d25 ,19.984135
0x1261 ,21.899885
0x7fb2 ,30.220068
0x4a88 ,23.428926
0x73c6 ,39.27888
0xb6ae ,37.94399
0xd8de ,35.236565
0x12fb ,27.1709
0x47ac ,22.838177
0x54e3 ,26.731924
0x568b ,28.413467
0x13fc ,17.607716
0x8c50 ,13.306942
0x9770 ,36.52385
0x15ae ,27.122564
0x7681 ,15.514583
0x6719 ,23.703335
0xbacf ,34.39383
0x5cea ,23.196377
0x9928 ,26.856058
0x3380 ,21.433222
0x4489 ,29.218817
0xd91b ,24.913225
0x2f41 ,26.958715
0xa457 ,29.899305
0x58d9 ,45.71967
0x9d4 ,23.280596
0x956c ,28.994358
0xc82c ,23.407593
0xba1b ,22.182648
0x833b ,30.062128
0x42f4 ,20.529121
0x85d2 ,28.677498
0x9742 ,42.055443
0xa90b ,38.358185
0x4c18 ,18.39333
0xba0 ,26.982117
0xcb14 ,23.078707
0x40d7 ,38.642395
0x1c43 ,36.427826
0xbdcd ,21.982805
0xd978 ,34.964035
0xd46c ,38.749077
0xac03 ,37.0816
0x1550 ,23.324442
0x39fd ,27.61994
0x9525 ,45.58953
0x900e ,36.96844
0x18f4 ,36.695007
0x8431 ,29.6014
0x3efc ,21.259691
0xc42e ,27.614979
0x9135 ,23.241915
0x8866 ,24.842129
0x6433 ,16.000738
0xa90f ,23.411701
0x7195 ,19.864275
0x1c12 ,19.27074
0x1693 ,16.885595
0x5862 ,15.5961075
0x26c0 ,30.220068
0x6271 ,25.452171
0x694f ,19.25134
0x5c23 ,17.821575
0x39f3 ,19.14696
0x35e0 ,19.650255
0x8ec7 ,20.567667
0x4adb ,18.49593
0xc1fa ,29.864544
0x54da ,21.3315
0xa146 ,18.352978
0xa55a ,41.68552
0x5b85 ,22.2684
0xd8c7 ,34.974987
0x7e23 ,23.310017
0x4360 ,22.342875
0x210c ,34.805172
0x1d8f ,38.375656
0x22bf ,24.35167
0x64d0 ,23.035944
0xc833 ,41.078197
0xa83c ,16.807749
0x5f7c ,33.69152
0xb36d ,21.389914
0x325d ,40.166996
0xa395 ,26.08025
0xa5aa ,27.188026
0xb19 ,17.702051
0x9985 ,21.819233
0xd3a ,38.83357
0x701b ,32.47957
0xdc38 ,38.749077
0x6ea4 ,27.842344
0x8c4b ,28.610922
0xc33a ,21.605728
0x3c26 ,28.269451
0x5dd2 ,21.806551
0x3bba ,23.11499
0x1717 ,14.483674
0x80e0 ,23.024982
0xbfec ,23.482908
0x3eff ,20.295208
0x53aa ,24.057621
0xadf4 ,38.800365
0x3646 ,14.779692
0x2d7c ,32.858013
0xd2ef ,22.828573
0x6ce ,15.706085
0x647f ,37.38236
0x2b60 ,15.5843
0x30d9 ,22.072691
0x5098 ,36.15749
0xc8a0 ,30.978773
0x4392 ,36.531998
0xbe38 ,21.759335
0xc4ec ,25.759268
0xdcdf ,38.503475
0xd91f ,17.44066
0x9929 ,48.165623
0x9da7 ,21.554857
0xdab8 ,22.125168
0x502f ,28.124945
0x323c ,23.843988
0x46d4 ,21.640606
0x978b ,25.689878
0x305c ,13.273874
0xbdf4 ,16.231764
0xc212 ,29.361525
0xde6e ,34.667233
0x12bb ,33.704025
0x99a ,23.185959
0x700f ,16.203102
0x2f9a ,28.60998
0x66b4 ,20.686268
0x15f7 ,38.909065
0x1c3f ,30.604317
0xdae4 ,26.958715
0x16d5 ,24.936434
0x5019 ,34.091373
0xa157 ,35.80338
0xdd1a ,40.183212
0x46f2 ,16.628849
0x904e ,26.827372
0x4086 ,26.515343
0x7159 ,38.28742
0x913f ,25.062712
0xaace ,19.997013
0x455e ,19.385101
0x2612 ,12.0040865
0x54f3 ,22.430273
0xd16f ,20.58134
0x5e49 ,15.756065
0x4186 ,26.518223
0x8b50 ,23.446764
0xaec ,21.711666
0x5331 ,34.11676
0xc241 ,42.856346
0x1cc1 ,39.453842
0xca15 ,23.891104
0x5bc9 ,19.586805
0x3d98 ,19.77605
0x4817 ,30.204678
0x82b4 ,31.675262
0x71ef ,22.015577
0xd40c ,33.24272
0xa6fd ,29.959072
0x5192 ,19.980904
0x6707 ,16.313456
0xc7fe ,18.032684
0x1c38 ,24.480026
0xe121 ,35.164913
0x313f ,31.9242
0x2e80 ,21.68457
0xdf3d ,31.93959
0x8254 ,28.716904
0x610e ,36.515022
0x56b9 ,20.182913
0x14ab ,25.346952
0x3a99 ,21.937948
0xab81 ,17.055119
0x1d29 ,31.58358
0x7895 ,14.346388
0xccc3 ,26.981594
0xa8d5 ,19.755148
0x773c ,34.76653
0x9e93 ,38.937813
0xb001 ,24.426485
0xc822 ,38.06965
0x1ba7 ,25.55864
0xcc21 ,23.39302
0xb565 ,35.243744
0xb9f3 ,23.456877
0x4833 ,36.49923
0x3e84 ,30.204678
0x441a ,47.255283
0x595d ,22.87644
0xc893 ,27.783108
0x8cf2 ,16.184961
0xac78 ,34.778458
0xf42 ,25.358925
0x7cff ,28.719015
0xb8ac ,22.329355
0x547c ,34.805172
0x71c7 ,21.956078
0x9804 ,23.639885
0xb9e1 ,19.23579
0xca16 ,38.749077
0x7942 ,32.985817
0xe1ef ,30.437826
0x5804 ,17.844149
0x570f ,21.459545
0x8aa8 ,22.242546
0xa1db ,27.80803
0x84e0 ,28.596157
0x7b61 ,27.626041
0xb56c ,22.10138
0x264f ,28.042986
0xa15b ,21.228384
0x5499 ,19.028204
0x5548 ,36.379845
0xc532 ,34.355633
0x52c0 ,25.564455
0x586a ,24.218903
0xb081 ,35.027973
0x3a6f ,22.363459
0xd57d ,26.968637
0x2ddf ,22.00388
0xd312 ,27.779844
0x517c ,36.413982
0x4230 ,25.471277
0xb210 ,16.801342
0x1764 ,16.811275
0xa586 ,17.974697
0x5837 ,23.460241
0x9815 ,20.518307
0x6304 ,24.492434
0x9ac0 ,33.416344
0x9bd6 ,28.88987
0x5f56 ,18.603664
0x966c ,23.241915
0x9814 ,36.518364
0xb6fa ,15.919965
0x1e7f ,29.224318
0x514f ,38.642395
0x691f ,38.62706
0x5fad ,25.065767
0x233f ,24.790974
0xe09c ,23.135065
0x83b ,25.978636
0xd7d4 ,23.052578
0xace6 ,17.58596
0x1e90 ,20.063381
0x4377 ,30.530413
0x3efd ,14.979589
0x265d ,28.375618
0x1c0b ,22.09042
0x559f ,23.32678
0x4d19 ,26.12099
0xc4a ,35.513054
0x83ef ,38.909065
0xbf5e ,23.26962
0x44d4 ,22.587679
0x4cd6 ,23.337006
0x7e94 ,24.37585
0x4a9e ,16.68134
0x7b9e ,17.511635
0x7a62 ,17.71823
0x39dd ,23.384588
0x838c ,36.936222
0x2e07 ,30.682938
0xa434 ,20.788666
0xa928 ,22.798832
0x34eb ,18.73953
0xb7f1 ,27.571793
0x5a16 ,24.913225
0x5188 ,23.610537
0x9003 ,24.876102
0x5112 ,30.062128
0xc3e0 ,23.92435
0x1815 ,36.96844
0xbb5b ,18.793976
0xa73 ,15.245543
0xc408 ,16.656044
0xdd7a ,17.147604
0x6918 ,24.091305
0x9d48 ,27.806246
0x164b ,31.802155
0xe01 ,21.83605
0x1e9b ,25.774384
0x4f6b ,14.817593
0x33b3 ,25.647997
0xe003 ,38.378094
0x8cfa ,30.062128
0xa9cb ,39.50144
0x4c07 ,23.488125
0x6e88 ,21.799015
0x565e ,23.410416
0x35a9 ,25.841099
0x62e4 ,24.727137
0xad56 ,23.100796
0x478f ,26.651783
0xdd17 ,16.984064
0x71db ,22.409958
0xae1a ,13.422072
0x3019 ,31.9242
0x149d ,30.39749
0x9c0a ,21.58274
0x17e9 ,21.486189
0x3b2a ,15.957116
0x7f2 ,26.36368
0x825c ,38.476265
0x2e2f ,28.719015
0xe0a1 ,30.486588
0x67ee ,29.397549
0x3036 ,24.41827
0xb026 ,34.164654
0x6b67 ,35.304085
0xc0a0 ,39.40488
0x300b ,16.170536
0x5d1b ,29.779026
0xa21c ,20.282104
0x7397 ,21.362118
0x14ad ,21.38919
0x3361 ,32.087082
0xa930 ,26.025768
0x5800 ,15.170876
0xc4d7 ,38.5948
0x7974 ,38.313118
0x179a ,22.3492
0x43d6 ,37.03571
0x5ea7 ,31.8782
0x3686 ,18.523129
0x3358 ,26.612663
0x3b53 ,17.406857
0xd22f ,26.238478
0x288a ,17.147804
0x936e ,27.876852
0x1cc7 ,34.731716
0x5432 ,37.039085
0xce89 ,29.670675
0x8ced ,24.104948
0x57bc ,12.063945
0x24c2 ,16.417913
0x1f43 ,20.879827
0xd3c2 ,36.37047
0xc257 ,47.047314
0x181c ,36.57135
0xd3ec ,15.35217
0x4aa2 ,22.63622
0x2f32 ,34.439003
0x3daa ,24.418919
0xb2a9 ,25.21512
0x6434 ,27.202887
0x4ac6 ,19.12752
0x4654 ,39.31378
0x18ee ,36.3963
0x2e2e ,47.035397
0x6afd ,35.320282
0xba21 ,20.996838
0x58f3 ,27.714869
0x4ecf ,23.27967
0x1991 ,25.62523
0x430c ,35.51607
0x3b18 ,20.34566
0x65c7 ,21.497446
0xbba1 ,19.01688
0x663a ,23.277258
0x8365 ,23.200191
0x86fa ,15.065119
0xdb43 ,32.087082
0x40e4 ,20.155638
0x7c0a ,17.035698
0x7032 ,48.939415
0x1466 ,34.019913
0x9993 ,22.010174
0x3547 ,34.19921
0x3feb ,15.996897
0x214d ,33.737274
0x673b ,28.719015
0x280d ,23.171444
0x896d ,34.019913
0x86f8 ,26.961077
0x52d1 ,39.569077
0x92cb ,24.711746
0xc3be ,18.636028
0x3a94 ,20.997833
0xda77 ,14.358255
0x5d07 ,17.44066
0x3d29 ,20.372663
0x64f7 ,27.309458
0x47a6 ,36.96651
0x7179 ,40.387012
0xba2e ,33.704025
0xae46 ,22.290083
0xc56a ,22.370798
0x268d ,34.178722
0x3aff ,26.569023
0x5b59 ,34.37841
0xa77d ,15.756065
0xd109 ,21.836174
0x13f6 ,25.017218
0xa491 ,16.150368
0x1037 ,26.142094
0x559b ,13.335718
0xaf74 ,26.754406
0xc80c ,31.679813
0x6949 ,23.337006
0x9951 ,23.927523
0x2623 ,12.082759
0xdfa3 ,27.116903
0xa065 ,17.691126
0x3f25 ,23.617102
0xcc6e ,27.80803
0x48fb ,19.093332
0x4cfd ,24.057621
0x5bf0 ,47.81399
0x8860 ,25.062712
0x5d58 ,24.320848
0xc0ef ,21.283703
0xc254 ,15.529877
0x2a4a ,16.224468
0x81bf ,34.71037
0x5fb1 ,31.391842
0x7c21 ,19.291224
0x8349 ,39.053867
0xfbf ,23.444317
0x7106 ,17.15637
0x2c7e ,23.280596
0x4ef1 ,25.62517
0x8169 ,19.174946
0x8f1d ,21.260017
0x8045 ,18.960995
0xb7e0 ,26.000221
0x85bf ,34.35596
0x4352 ,28.445053
0xc2ad ,18.049026
0xd771 ,21.250956
0xd636 ,19.251663
0xc98c ,23.407913
0x9963 ,28.673668
0xb3f1 ,21.18703
0x3bb3 ,18.007027
0x1283 ,24.510593
0x7829 ,26.107306
0x1e98 ,41.729618
0x32a8 ,21.73095
0x19a8 ,39.111126
0x9751 ,37.844337
0x550b ,35.433727
0xc4c6 ,33.698112
0x8c4c ,29.292925
0x4521 ,30.095375
0x759f ,27.04229
0x5f36 ,14.269977
0x80f0 ,22.033543
0x3ae2 ,26.11256
0xaa78 ,23.818647
0x8313 ,20.055107
0xb593 ,14.097621
0x5ee7 ,15.980787
0xb24f ,39.770542
0x99b4 ,31.019464
0xcaac ,39.50144
0x84ec ,27.9175
0x6c57 ,15.708563
0x59c6 ,23.410416
0x1afb ,23.32678
0x9b3a ,23.131153
0xc431 ,38.909065
0xd5f2 ,23.573954
0x1227 ,23.644348
0x4d06 ,23.579962
0xdb01 ,22.30148
0x8c5e ,21.93027
0x8e0b ,39.362682
0x7239 ,20.082499
0xa224 ,44.703896
0xad93 ,24.414988
0x5122 ,22.95778
0xc812 ,16.877811
0x28b4 ,27.041567
0x873c ,23.231468
0x2b45 ,16.499674
0xcae6 ,17.947355
0x4652 ,36.219727
0x3385 ,29.134071
0x8597 ,28.06394
0x77ad ,22.61737
0xf70 ,32.293434
0xcdd8 ,22.086279
0x8569 ,36.417755
0x492e ,35.462105
0xd048 ,23.417027
0x60ab ,13.48779
0x70bf ,23.289825
0x6c9b ,20.627993
0x6728 ,26.258554
0xc7b ,36.49178
0xe15a ,29.909037
0xb099 ,36.494335
0xb011 ,21.929787
0x4466 ,20.674536
0x967f ,23.684782
0x25b1 ,25.703346
0x1968 ,20.732628
0x83f7 ,34.231083
0x7577 ,31.977783
0xb2b5 ,15.618402
0x9a7e ,20.232904
0xb7f8 ,21.937363
0x96bf ,33.94727
0x73be ,38.494606
0x9196 ,24.645914
0x5a8d ,24.586023
0x30a3 ,36.38025
0xb3c5 ,21.926008
0xa3c4 ,22.298595
0xcbfa ,24.39621
0xd7a2 ,30.36493
0xde2e ,24.219643
0xdb6 ,23.012089
0x72f ,26.684563
0xb244 ,25.86689
0x6ad5 ,22.064173
0x8c8d ,23.318665
0xa952 ,22.068884
0x1e53 ,34.59564
0x364b ,36.26163
0x680b ,20.003525
0x7286 ,17.074928
0x68f3 ,20.13869
0xde25 ,30.304312
0x859e ,23.134043
0xd076 ,14.879793
0x8b37 ,21.962425
0x429d ,26.818193
0x49fd ,45.853413
0x35d7 ,33.683456
0x5d9d ,35.91046
0x2c7c ,18.06042
0x8009 ,35.109493
0x47f3 ,15.898381
0x2f88 ,26.363947
0xa7bf ,37.626015
0x4ee1 ,22.357485
0xab66 ,27.930553
0x2170 ,21.956078
0xb1e ,37.58946
0x7f4c ,21.13782
0xd6c4 ,39.97961
0x45cf ,29.899305
0x9d4d ,26.000084
0xad7 ,42.54538
0x9541 ,36.009697
0x25dc ,34.39383
0x11e5 ,23.178907
0x92ef ,20.771898
0xc1a9 ,32.67459
0xf19 ,33.300503
0x3e6d ,26.314447
0x634a ,24.019438
0x25bf ,35.56388
0x43b1 ,43.971764
0x4e6d ,25.027052
0x2ab0 ,46.831158
0x86fe ,39.130814
0x4a2b ,19.228998
0x3ec3 ,37.672386
0xc507 ,27.2001
0x632f ,33.349827
0x60f4 ,34.019913
0xe01b ,28.539434
0x9d6b ,36.380913
0xa818 ,34.561176
0xb5b3 ,38.703365
0x6e41 ,31.605927
0x72aa ,15.385471
0x2b72 ,45.192528
0xbeb6 ,40.306793
0x5d54 ,21.356537
0x5f6c ,25.544607
0xd4f1 ,34.181416
0x801f ,29.23733
0xe1ff ,21.532024
0x8b4a ,25.47918
0xe097 ,23.5335
0xca1d ,37.32978
0x67b4 ,22.084772
0xd8c4 ,16.7059
0xf30 ,27.481567
0x282a ,25.252024
0x796a ,43.481094
0x74c7 ,21.163761
0xb59f ,36.55276
0x8668 ,24.986732
0xb871 ,29.739386
0xc427 ,31.84561
0x52a2 ,23.18853
0x57d8 ,16.69346
0xd1f4 ,28.41183
0x9a16 ,25.639389
0x5c4b ,23.06258
0xd69f ,23.117521
0x83d7 ,20.9802
0xbaf3 ,22.653746
0x9f54 ,20.74166
0x440f ,19.860296
0x84be ,22.548286
0x8cad ,15.26848
0x2106 ,26.363947
0xd1dc ,30.453217
0xb94d ,26.363947
0x1838 ,33.704025
0xaf18 ,22.396374
0x4b0a ,16.847652
0xcf4e ,41.037186
0x2aad ,35.2176
0x3e8c ,36.524685
0xc4d1 ,27.041567
0x1a06 ,33.9391
0xc97d ,21.612757
0x916b ,21.181223
0x7cc7 ,28.740108
0x15d8 ,29.799208
0xd501 ,15.085356
0xbeee ,14.010355
0x99ac ,25.645912
0x7f8b ,14.817593
0x3607 ,21.275408
0x780f ,23.289825
0x961b ,22.078339
0x894d ,9.893406
0xaf8 ,28.253012
0x41b5 ,17.04144
0x9e1c ,25.56849
0x9676 ,23.603947
0x8f73 ,22.853071
0x587e ,31.37855
0x812e ,36.797832
0x7847 ,39.993122
0x6f7a ,21.47096
0x37d9 ,21.435333
0xceba ,42.542175
0xc1f5 ,27.346138
0x1f9e ,34.22018
0x994d ,22.970623
0xbfbb ,34.509792
0x30be ,35.093693
0x4510 ,26.841867
0x37ca ,19.393715
0x9eb4 ,36.42789
0xd8a3 ,42.10405
0x3c8c ,38.095173
0x5d85 ,19.318216
0xd0ea ,22.970623
0x5f99 ,34.783375
0x81b6 ,37.063446
0x2294 ,15.5961075
0xc503 ,27.571901
0x104b ,38.73369
0xc33d ,17.511635
0x7c24 ,26.169064
0x4e9f ,17.542145
0xb790 ,21.86085
0x3ecb ,20.566122
0x29ba ,23.278036
0x5cf9 ,23.730978
0xb101 ,36.9948
0x95dc ,27.29591
0x2114 ,16.485783
0xdc82 ,32.10695
0xd661 ,37.83311
0x1e46 ,24.171906
0x9d1f ,39.57937
0x77fe ,39.50657
0x2a31 ,32.27711
0x7169 ,42.08877
0x77aa ,30.39513
0xd3de ,19.316582
0x116c ,33.067562
0xe240 ,23.795534
0x6909 ,21.95024
0x443b ,28.641504
0x22d4 ,24.584175
0xb7be ,22.688889
